Título,URL actual (limpia),URL con categoría (antigua / indexada),Slug,Categoría,Fuente de la categoría,Todas las categorías,Keyword principal,Keywords secundarias,Clics,Impresiones,CTR,Posición,SEO score,Palabras,Publicado,Modificado,Estado
What to Wear to Machu Picchu: Essential Clothing and Packing Tips for Your Trip to Peru,https://www.perugrandtravel.com/blog/what-to-wear-to-machu-picchu/,https://www.perugrandtravel.com/blog/cusco/what-to-wear-to-machu-picchu/,what-to-wear-to-machu-picchu,Cusco,URL indexada (GSC),cusco,what to wear to machu picchu,,3539,144343,0.0245179884026243,5.27,84,1454,2025-02-21,2026-06-22,publish
Coca Tea: The Andean Tradition Every Traveler to Peru Should Know,https://www.perugrandtravel.com/blog/coca-tea/,https://www.perugrandtravel.com/blog/peru/coca-tea/,coca-tea,Perú,URL indexada (GSC),peru,coca tea,"Coca tea in Peru, altitude sickness",1360,246305,0.00552160938673596,6.87,88,1602,2025-02-27,2026-08-22,publish
What to Do on the Day of the Living and the Dead in Peru,https://www.perugrandtravel.com/blog/day-of-the-saints-and-dead/,https://www.perugrandtravel.com/blog/peru/day-of-the-saints-and-dead/,day-of-the-saints-and-dead,Perú,URL indexada (GSC),"arequipa, cusco, lima, peru, puno",day of the saints and dead,,873,73014,0.0119566110608924,6.47,66,1524,2024-10-17,2024-12-10,publish
Relax in the Hot Springs in Aguas Calientes,https://www.perugrandtravel.com/blog/hot-springs-in-aguas-calientes/,https://www.perugrandtravel.com/blog/cusco/hot-springs-in-aguas-calientes/,hot-springs-in-aguas-calientes,Cusco,URL indexada (GSC),cusco,Aguas Calientes,Hot Springs,796,111674,0.00712789010870928,8.21,73,1160,2023-10-27,2025-03-04,publish
"Altitude Sickness in Peru: Causes, Tips &amp; What to Do",https://www.perugrandtravel.com/blog/altitude-sickness-peru/,https://www.perugrandtravel.com/blog/peru/altitude-sickness-peru/,altitude-sickness-peru,Perú,URL indexada (GSC),peru,altitude sickness peru,,750,31776,0.0236027190332326,7.95,83,1216,2025-06-26,2025-06-26,publish
The Catacombs of Lima: Explore the Mystery Underground,https://www.perugrandtravel.com/blog/catacombs-of-lima/,https://www.perugrandtravel.com/blog/lima/catacombs-of-lima/,catacombs-of-lima,Lima,URL indexada (GSC),lima,Catacombs of Lima,,487,109662,0.00444091845853623,7.71,77,1479,2024-04-23,2024-09-30,publish
Carnival in Lima Peru 2026: 7 Secrets to Experiencing the Craziest Party of the Year,https://www.perugrandtravel.com/blog/carnival-in-lima-2026/,https://www.perugrandtravel.com/blog/lima/carnival-in-lima-2026/,carnival-in-lima-2026,Lima,URL indexada (GSC),lima,Carnival in Lima,,405,39124,0.0103517022799305,6.23,92,2191,2026-01-06,2026-01-06,publish
Explore the Heart of the Andes – The Best Things to Do in Huaraz,https://www.perugrandtravel.com/blog/the-best-things-to-do-in-huaraz/,https://www.perugrandtravel.com/blog/huaraz/the-best-things-to-do-in-huaraz/,the-best-things-to-do-in-huaraz,Huaraz,URL indexada (GSC),huaraz,things to do in huaraz,"Laguna 69 vs Laguna Parón, Huaraz Attractions, Day Trips from huaraz",356,59619,0.00597125077575941,5.47,89,2962,2025-10-29,2026-08-19,publish
Machu Picchu Circuit 2: the classic route step by step,https://www.perugrandtravel.com/blog/machu-picchu-circuit-2/,https://www.perugrandtravel.com/blog/cusco/machu-picchu-circuit-2/,machu-picchu-circuit-2,Cusco,URL indexada (GSC),cusco,machu picchu circuit 2,,341,32961,0.0103455599041291,7.55,89,969,2025-08-27,2025-08-27,publish
Discover Inca Hydraulic Engineering: A masterpiece of antiquity,https://www.perugrandtravel.com/blog/discover-inca-hydraulic-engineering-a-masterpiece-of-antiquity/,https://www.perugrandtravel.com/blog/cusco/discover-inca-hydraulic-engineering-a-masterpiece-of-antiquity/,discover-inca-hydraulic-engineering-a-masterpiece-of-antiquity,Cusco,URL indexada (GSC),cusco,Inca Hydraulic Engineering,,339,70437,0.00481281144852847,7.42,80,1049,2024-10-29,2024-10-30,publish
Machu Picchu Circuit 3: quick guide for your visit,https://www.perugrandtravel.com/blog/machu-picchu-circuit-3/,https://www.perugrandtravel.com/blog/cusco/machu-picchu-circuit-3/,machu-picchu-circuit-3,Cusco,URL indexada (GSC),cusco,machu picchu circuit 3,,300,35630,0.00841987089531294,6.21,90,1094,2025-08-27,2025-08-27,publish
The Incredible Animals of Peru You Must Meet on Your Journey,https://www.perugrandtravel.com/blog/animals-of-peru/,https://www.perugrandtravel.com/blog/peru/animals-of-peru/,animals-of-peru,Perú,URL indexada (GSC),peru,animals of peru,,296,199812,0.00148139250895842,23.21,87,1165,2025-04-04,2025-05-30,publish
¿What Were the 7 Inca Temples During the Inca Period?,https://www.perugrandtravel.com/blog/the-7-inca-temples/,https://www.perugrandtravel.com/blog/cusco/the-7-inca-temples/,the-7-inca-temples,Cusco,URL indexada (GSC),cusco,Inca Temples,,286,113777,0.0025136890584213,7.51,79,1900,2024-11-06,2024-11-08,publish
Machu Picchu Circuit 1 guide: routes and travel tips,https://www.perugrandtravel.com/blog/machu-picchu-circuit-1/,https://www.perugrandtravel.com/blog/cusco/machu-picchu-circuit-1/,machu-picchu-circuit-1,Cusco,URL indexada (GSC),cusco,machu picchu circuit 1,,278,34246,0.00811773637797115,5.9,89,1199,2025-08-26,2025-08-27,publish
The Sun of Echenique: Mysteries and legends of Peru,https://www.perugrandtravel.com/blog/the-sun-of-echenique/,https://www.perugrandtravel.com/blog/peru/the-sun-of-echenique/,the-sun-of-echenique,Perú,URL indexada (GSC),"cusco, peru",sun of echenique,,272,45645,0.00595903165735568,7.78,71,1557,2024-10-04,2024-12-10,publish
12 Dishes of Holy Week: Traditional Foods You Must Try,https://www.perugrandtravel.com/blog/dishes-of-holy-week/,https://www.perugrandtravel.com/blog/peru/dishes-of-holy-week/,dishes-of-holy-week,Perú,URL indexada (GSC),peru,Dishes of Holy Week,,270,48084,0.00561517344646868,6.81,84,2823,2026-02-09,2026-02-09,publish
Siete Borreguitos: The most picturesque street in Cusco,https://www.perugrandtravel.com/blog/siete-borreguitos-street-cusco/,https://www.perugrandtravel.com/blog/cusco/siete-borreguitos-street-cusco/,siete-borreguitos-street-cusco,Cusco,URL indexada (GSC),cusco,Siete Borreguitos street,,254,21060,0.0120607787274454,7.19,25,1538,2024-03-15,2024-09-28,publish
The safest districts in Lima for tourists,https://www.perugrandtravel.com/blog/the-safest-districts-in-lima/,https://www.perugrandtravel.com/blog/lima/the-safest-districts-in-lima/,the-safest-districts-in-lima,Lima,URL indexada (GSC),lima,The safest districts in Lima,,233,48365,0.00481753334022537,10.05,72,1529,2024-04-25,2024-09-30,publish
Why Do People Eat Guinea Pig in Peru? Discover Here,https://www.perugrandtravel.com/blog/why-do-they-eat-guinea-pig-in-peru/,https://www.perugrandtravel.com/blog/peru/why-do-they-eat-guinea-pig-in-peru/,why-do-they-eat-guinea-pig-in-peru,Perú,URL indexada (GSC),"cusco, peru",guinea pig in peru,,223,135676,0.00164362156903211,7.79,82,1092,2024-10-24,2025-08-26,publish
Geoglyphs and Petroglyphs: The rock art of our ancestors,https://www.perugrandtravel.com/blog/geoglyphs-and-petroglyphs/,https://www.perugrandtravel.com/blog/peru/geoglyphs-and-petroglyphs/,geoglyphs-and-petroglyphs,Perú,URL indexada (GSC),"arequipa, nazca, peru, puerto-maldonado",geoglyphs and petroglyphs,,217,112713,0.00192524376070196,7.77,74,1573,2024-10-09,2024-12-10,publish
Where to Exchange Money in Lima? Complete Guide for Travelers,https://www.perugrandtravel.com/blog/where-to-change-money-in-lima/,https://www.perugrandtravel.com/blog/lima/where-to-change-money-in-lima/,where-to-change-money-in-lima,Lima,URL indexada (GSC),lima,change money in lima,,201,28119,0.00714819161421103,11.43,72,1271,2024-04-19,2024-09-30,publish
The Virgin of Candelaria 2026: 11 Secrets of Peru’s Most Intense Cultural Feast,https://www.perugrandtravel.com/blog/virgin-of-candelaria-2026/,https://www.perugrandtravel.com/blog/puno/virgin-of-candelaria-2026/,virgin-of-candelaria-2026,Puno,URL indexada (GSC),puno,Virgin of Candelaria,,190,79996,0.0023751187559378,7.49,95,2712,2025-12-31,2026-04-14,publish
Viewpoints in Lima: Enjoy the Best Views of the City,https://www.perugrandtravel.com/blog/viewpoints-in-lima/,https://www.perugrandtravel.com/blog/lima/viewpoints-in-lima/,viewpoints-in-lima,Lima,URL indexada (GSC),lima,Viewpoints in Lima,,186,12054,0.01543056246889,7.02,71,1815,2024-05-06,2024-09-30,publish
The Lord of Miracles: Everything You Need to Know,https://www.perugrandtravel.com/blog/the-lord-of-miracles/,https://www.perugrandtravel.com/blog/lima/the-lord-of-miracles/,the-lord-of-miracles,Lima,URL indexada (GSC),lima,the lord of miracle,"lord of miracle, purple month",184,25020,0.00735411670663469,7.42,87,1473,2023-08-09,2025-10-13,publish
Unmissable Festivals in Peru: Monthly Guide to Celebrations during 2026,https://www.perugrandtravel.com/blog/festivals-in-peru-2026/,https://www.perugrandtravel.com/blog/cusco/festivals-in-peru-2026/,festivals-in-peru-2026,Cusco,URL indexada (GSC),cusco,Festivals in Peru,,174,31510,0.00552205649000317,7.22,90,3456,2025-12-19,2025-12-19,publish
Chicha of Jora: Traditional drink of the Incas,https://www.perugrandtravel.com/blog/chicha-of-jora/,https://www.perugrandtravel.com/blog/cusco/chicha-of-jora/,chicha-of-jora,Cusco,URL indexada (GSC),cusco,drink of the incas,,158,79776,0.00198054552747694,7.36,58,1420,2024-10-02,2024-10-03,publish
Things to do in Ica Peru: must-see places worth your time,https://www.perugrandtravel.com/blog/things-to-do-in-ica-peru/,https://www.perugrandtravel.com/blog/ica/things-to-do-in-ica-peru/,things-to-do-in-ica-peru,Ica,URL indexada (GSC),ica,things to do in ica,,156,22420,0.00695807314897413,9.57,83,1024,2025-08-07,2025-08-07,publish
Discover the Fascinating History of the White Christ in Cusco and How to Get There: An icon of faith and Andean landscape,https://www.perugrandtravel.com/blog/discover-the-history-of-the-white-christ-in-cusco-and-how-to-get-there/,https://www.perugrandtravel.com/blog/cusco/discover-the-history-of-the-white-christ-in-cusco-and-how-to-get-there/,discover-the-history-of-the-white-christ-in-cusco-and-how-to-get-there,Cusco,URL indexada (GSC),cusco,White Christ in Cusco,,154,39967,0.00385317887256987,7.58,70,1800,2024-10-22,2025-10-20,publish
The 8 Best Souvenirs from Peru to Take Home,https://www.perugrandtravel.com/blog/souvenirs-from-peru/,https://www.perugrandtravel.com/blog/peru/souvenirs-from-peru/,souvenirs-from-peru,Perú,URL indexada (GSC),peru,souvenirs from Peru,,154,11379,0.0135337024343088,16.46,87,1228,2025-07-11,2025-07-11,publish
Traditional Christmas in Peru,https://www.perugrandtravel.com/blog/traditional-christmas-in-peru/,https://www.perugrandtravel.com/blog/peru/traditional-christmas-in-peru/,traditional-christmas-in-peru,Perú,URL indexada (GSC),peru,Christmas in Peru,"Traditional Christmas in Peru, Christmas traditions in Peru",146,39145,0.00372972282539277,7.98,83,2011,2025-11-06,2025-11-06,publish
Discover Local Art and Handicrafts in Cusco: Tradition and living clulture.,https://www.perugrandtravel.com/blog/local-crafts-in-cusco/,https://www.perugrandtravel.com/blog/cusco/local-crafts-in-cusco/,local-crafts-in-cusco,Cusco,URL indexada (GSC),cusco,craft,,145,24329,0.00595996547330347,9.59,81,1643,2024-10-15,2024-10-18,publish
"How High Is Huaraz Peru? Altitude, Acclimatization Tips, and What Travelers Should Know",https://www.perugrandtravel.com/blog/how-high-is-huaraz-peru/,https://www.perugrandtravel.com/blog/huaraz/how-high-is-huaraz-peru/,how-high-is-huaraz-peru,Huaraz,URL indexada (GSC),huaraz,how high is Huaraz Peru,,141,108909,0.00129465884362174,6.36,83,3752,2025-12-02,2025-12-02,publish
Discover the Amazonian Myths of Puerto Maldonado,https://www.perugrandtravel.com/blog/amazon-myths/,https://www.perugrandtravel.com/blog/puerto-maldonado/amazon-myths/,amazon-myths,Puerto Maldonado,URL indexada (GSC),"amazonia, puerto-maldonado",myths of Puerto Maldonado,legends of Puerto Maldonado,131,36281,0.00361070532785756,7.09,71,1583,2024-07-27,2024-07-31,publish
Machu Picchu and the Conservation of World Heritage,https://www.perugrandtravel.com/blog/machu-picchu-world-heritage/,https://www.perugrandtravel.com/blog/cusco/machu-picchu-world-heritage/,machu-picchu-world-heritage,Cusco,URL indexada (GSC),cusco,machu picchu cultural heritage,,124,38180,0.00324777370350969,9.94,20,1124,2024-08-11,2024-08-08,publish
Best Markets in Cusco: San Pedro and San Blas,https://www.perugrandtravel.com/blog/best-markets-in-cusco/,https://www.perugrandtravel.com/blog/cusco/best-markets-in-cusco/,best-markets-in-cusco,Cusco,URL indexada (GSC),cusco,Markets,Cusco,117,18309,0.00639029985253154,15.53,74,448,2024-02-23,2024-09-28,publish
"Bridge of Sighs: The most romantic place in Barranco, Lima",https://www.perugrandtravel.com/blog/bridge-of-sighs-barranco-lima/,https://www.perugrandtravel.com/blog/lima/bridge-of-sighs-barranco-lima/,bridge-of-sighs-barranco-lima,Lima,URL indexada (GSC),lima,bridge of sighs,barranco,115,23525,0.0048884165781084,8.52,72,506,2024-02-29,2024-09-30,publish
Pachamama Month in Peru: Traditions and Rituals in August,https://www.perugrandtravel.com/blog/august-month-of-pachamama-in-peru/,https://www.perugrandtravel.com/blog/cusco/august-month-of-pachamama-in-peru/,august-month-of-pachamama-in-peru,Cusco,URL indexada (GSC),"cusco, puno",Pachamama month,,113,41116,0.00274832182118883,8.92,65,1998,2024-09-11,2024-09-12,publish
Origin of the oasis of Ica: The legend of Huacachina,https://www.perugrandtravel.com/blog/legend-of-huacachina-ica/,https://www.perugrandtravel.com/blog/ica/legend-of-huacachina-ica/,legend-of-huacachina-ica,Ica,URL indexada (GSC),ica,Huacachina,Legend of the Huacachina,111,64276,0.00172692762461883,9.91,72,711,2024-03-08,2024-09-30,publish
Quick Guide to the Cusco Tourist Ticket: BTP and BTG 2025,https://www.perugrandtravel.com/blog/cusco-tourist-ticket-peru/,https://www.perugrandtravel.com/blog/cusco/cusco-tourist-ticket-peru/,cusco-tourist-ticket-peru,Cusco,URL indexada (GSC),cusco,cusco tourist ticket,,106,24996,0.00424067850856137,10.9,87,1318,2025-05-24,2025-05-29,publish
The Epiphany or Three Kings Day in Peru,https://www.perugrandtravel.com/blog/three-kings-day-in-peru/,https://www.perugrandtravel.com/blog/peru/three-kings-day-in-peru/,three-kings-day-in-peru,Perú,URL indexada (GSC),peru,Three Kings Day in Peru,Epiphany,103,30680,0.00335723598435463,7.9,87,2505,2025-12-24,2026-04-20,publish
How to Visit the Nazca Lines from Lima?,https://www.perugrandtravel.com/blog/how-to-visit-the-nazca-lines-from-lima/,https://www.perugrandtravel.com/blog/nazca/how-to-visit-the-nazca-lines-from-lima/,how-to-visit-the-nazca-lines-from-lima,Nazca,URL indexada (GSC),nazca,How to Visit the Nazca Lines from Lima,,102,19803,0.00515073473716104,9.68,81,3024,2025-11-28,2025-11-28,publish
The Butterfly conservatory of Machu Picchu: Everything You Need to Know,https://www.perugrandtravel.com/blog/butterfly-conservatory-of-machu-picchu/,https://www.perugrandtravel.com/blog/cusco/butterfly-conservatory-of-machu-picchu/,butterfly-conservatory-of-machu-picchu,Cusco,URL indexada (GSC),cusco,Butterfly,"Conservatory, Machu Picchu",98,6622,0.0147991543340381,10.08,66,1543,2024-03-18,2024-09-28,publish
The Mountain of 7 Colors: Complete Guide 2024,https://www.perugrandtravel.com/blog/guide-mountain-of-7-colors/,https://www.perugrandtravel.com/blog/cusco/guide-mountain-of-7-colors/,guide-mountain-of-7-colors,Cusco,URL indexada (GSC),cusco,Mountain,7 Colors,97,83902,0.00115611070057925,8.07,84,1422,2024-02-23,2026-03-24,publish
Connectors and Voltage in Peru: Everything You Need to Know,https://www.perugrandtravel.com/blog/peru-plug/,https://www.perugrandtravel.com/blog/peru/peru-plug/,peru-plug,Perú,URL indexada (GSC),peru,Peru Plug,,91,73405,0.00123969756828554,9.84,62,986,2024-09-04,2024-12-10,publish
Visit the Queros Peru community and experience their culture,https://www.perugrandtravel.com/blog/queros-peru-community/,https://www.perugrandtravel.com/blog/cusco/queros-peru-community/,queros-peru-community,Cusco,URL indexada (GSC),cusco,queros peru,,87,19590,0.00444104134762634,10.49,87,782,2025-05-23,2025-05-23,publish
Laguna 69 vs. Laguna Parón: Which 2026 Huaraz Trek is Your Perfect Match?,https://www.perugrandtravel.com/blog/laguna-69-vs-laguna-paron/,https://www.perugrandtravel.com/blog/huaraz/laguna-69-vs-laguna-paron/,laguna-69-vs-laguna-paron,Huaraz,URL indexada (GSC),huaraz,Laguna 69 vs. Laguna Parón,,87,3998,0.0217608804402201,4.42,86,1775,2026-04-15,2026-04-14,publish
"Best Time to Visit Lima: Complete Guide to Weather, Seasons, and Travel Tips",https://www.perugrandtravel.com/blog/best-time-to-visit-lima/,https://www.perugrandtravel.com/blog/lima/best-time-to-visit-lima/,best-time-to-visit-lima,Lima,URL indexada (GSC),lima,Best Time to Visit Lima,,86,41614,0.00206661219781804,7.12,87,1906,2025-10-11,2025-10-13,publish
The 5 Churches in Downtown Lima You Must Visit,https://www.perugrandtravel.com/blog/churches-in-the-center-of-lima/,https://www.perugrandtravel.com/blog/lima/churches-in-the-center-of-lima/,churches-in-the-center-of-lima,Lima,URL indexada (GSC),lima,churches,churches in the center of lima,82,12476,0.00657261942930426,9.08,76,1070,2024-04-29,2024-09-30,publish
Things to do and see in Ica: Natural and Cultural Wealth,https://www.perugrandtravel.com/blog/things-to-do-in-ica/,https://www.perugrandtravel.com/blog/ica/things-to-do-in-ica/,things-to-do-in-ica,Ica,URL indexada (GSC),ica,ica,things to do in ica,80,29616,0.00270124257158293,11.36,80,2952,2023-09-27,2024-09-30,publish
Altitude sickness in Cusco: how to avoid and enjoy your trip,https://www.perugrandtravel.com/blog/altitude-sickness-in-cusco/,https://www.perugrandtravel.com/blog/cusco/altitude-sickness-in-cusco/,altitude-sickness-in-cusco,Cusco,URL indexada (GSC),cusco,altitude sickness in cusco,,77,14332,0.00537259279933017,15.39,84,1114,2025-09-01,2025-09-01,publish
"Weather in Puno: Climate, Seasons, and Best Time to Visit",https://www.perugrandtravel.com/blog/weather-in-puno-peru/,https://www.perugrandtravel.com/blog/puno/weather-in-puno-peru/,weather-in-puno-peru,Puno,URL indexada (GSC),puno,Weather in Puno,,76,18021,0.00421730203651296,5.65,82,2838,2026-01-20,2026-01-20,publish
Qhaswa Raymi 2026: 7 Reasons Why This Festival is the Soul of Cusco,https://www.perugrandtravel.com/blog/qhaswa-raymi-in-peru/,https://www.perugrandtravel.com/blog/cusco/qhaswa-raymi-in-peru/,qhaswa-raymi-in-peru,Cusco,URL indexada (GSC),cusco,Qhaswa Raymi,,76,1256,0.0605095541401274,5.74,90,1707,2026-03-13,2026-03-13,publish
Discover the fascinating Curiosities of Cusco,https://www.perugrandtravel.com/blog/fascinating-cusco-curiosities/,https://www.perugrandtravel.com/blog/cusco/fascinating-cusco-curiosities/,fascinating-cusco-curiosities,Cusco,URL indexada (GSC),cusco,Fascinating Cusco Curiosities,,75,12867,0.00582886453718816,10.1,30,1943,2024-05-09,2024-09-28,publish
Where to Buy Souvenirs in Peru,https://www.perugrandtravel.com/blog/where-to-buy-souvenirs-in-peru/,https://www.perugrandtravel.com/blog/peru/where-to-buy-souvenirs-in-peru/,where-to-buy-souvenirs-in-peru,Perú,URL indexada (GSC),peru,Where to Buy Souvenirs in Peru,"Souvenir Shopping, Where to Buy Souvenirs, Buying Souvenirs in Peru, which souvenirs to buy in Peru",73,23352,0.00312607057211374,8.84,89,3748,2026-02-12,2026-08-23,publish
Places to Visit in Downtown Lima: Explore Lima's Heritage,https://www.perugrandtravel.com/blog/places-to-visit-in-the-center-of-lima/,https://www.perugrandtravel.com/blog/lima/places-to-visit-in-the-center-of-lima/,places-to-visit-in-the-center-of-lima,Lima,URL indexada (GSC),lima,lima,places to visit in lima,70,25286,0.00276833030135253,11.41,71,1502,2024-04-26,2024-09-30,publish
Documentation Required to Travel to Peru in 2026,https://www.perugrandtravel.com/blog/documentation-required-to-travel-to-peru/,https://www.perugrandtravel.com/blog/peru/documentation-required-to-travel-to-peru/,documentation-required-to-travel-to-peru,Perú,URL indexada (GSC),peru,Documentation Required to Travel to Peru,"Documentation, Visa to Travel to Peru, Traveling to Peru, passport",67,21712,0.0030858511422255,9.13,82,2198,2026-02-06,2026-02-06,publish
10 Interesting Facts About Machu Picchu You Didn’t Know,https://www.perugrandtravel.com/blog/interesting-facts-about-machu-picchu-on-your-travel/,https://www.perugrandtravel.com/blog/cusco/interesting-facts-about-machu-picchu-on-your-travel/,interesting-facts-about-machu-picchu-on-your-travel,Cusco,URL indexada (GSC),cusco,interesting facts about machu picchu,,66,26388,0.00250113688040018,15.79,82,966,2025-04-14,2025-05-30,publish
Festivities in Arequipa: Celebrating Culture and Tradition,https://www.perugrandtravel.com/blog/festivities-in-arequipa/,https://www.perugrandtravel.com/blog/arequipa/festivities-in-arequipa/,festivities-in-arequipa,Arequipa,URL indexada (GSC),arequipa,Festivities in Arequipa,,65,9284,0.00700129254631624,8.73,70,1589,2024-05-20,2024-12-10,publish
4 Camelídeos Sul-Americanos Majestosos: O Guia Definitivo,https://www.perugrandtravel.com/blog/south-american-camelids-similar-to-the-llama/,https://www.perugrandtravel.com/blog/peru/south-american-camelids-similar-to-the-llama/,south-american-camelids-similar-to-the-llama,Perú,URL indexada (GSC),"cusco, peru, puno",South American camelids,,64,93529,0.000684279742112072,10.36,80,1611,2024-10-08,2026-05-14,publish
Travel to Peru in June and Experience the Best Cusco Festivals,https://www.perugrandtravel.com/blog/cusco-festivals/,https://www.perugrandtravel.com/blog/cusco/cusco-festivals/,cusco-festivals,Cusco,URL indexada (GSC),cusco,cusco festivals in june,,64,20098,0.00318439645735894,14.64,84,2477,2025-05-12,2026-05-26,publish
Discover 5 Iconic Birds of Peru on Your Next Trip,https://www.perugrandtravel.com/blog/the-7-most-representative-species-of-peruvian-birds/,https://www.perugrandtravel.com/blog/peru/the-7-most-representative-species-of-peruvian-birds/,the-7-most-representative-species-of-peruvian-birds,Perú,URL indexada (GSC),"amazonia, cusco, peru",birds of peru,,63,71600,0.000879888268156425,38.3,75,1056,2024-11-14,2025-08-26,publish
What to do and see in Barranco,https://www.perugrandtravel.com/blog/what-to-do-in-barranco/,https://www.perugrandtravel.com/blog/lima/what-to-do-in-barranco/,what-to-do-in-barranco,Lima,URL indexada (GSC),lima,Barranco,What to do in Barranco,62,24124,0.00257005471729398,13.03,69,975,2023-12-20,2024-09-30,publish
"Trujillo Marinera Festival: Dates, History, and the Best Cultural Experience in Peru",https://www.perugrandtravel.com/blog/trujillo-marinera-festival/,https://www.perugrandtravel.com/blog/peru/trujillo-marinera-festival/,trujillo-marinera-festival,Perú,URL indexada (GSC),peru,Trujillo Marinera Festival,"marinera festival, peruvian paso horse, marinera contest, trujillo marinera",60,8694,0.00690131124913734,6.34,84,2131,2026-01-02,2026-04-14,publish
Exploring Machu Picchu and the Mysticism of the Andes,https://www.perugrandtravel.com/blog/machu-picchu-and-the-mysticism-of-the-andes/,https://www.perugrandtravel.com/blog/cusco/machu-picchu-and-the-mysticism-of-the-andes/,machu-picchu-and-the-mysticism-of-the-andes,Cusco,URL indexada (GSC),cusco,Machu Picchu spiritual,Machu Picchu spiritual center,59,15748,0.00374650749301499,12.31,21,1439,2024-08-10,2024-08-08,publish
7 Magical Ways to Celebrate Easter Sunday in Peru: An Insider’s Guide,https://www.perugrandtravel.com/blog/easter-sunday-in-peru/,https://www.perugrandtravel.com/blog/manu/easter-sunday-in-peru/,easter-sunday-in-peru,Manu,URL indexada (GSC),manu,Easter Sunday in Peru,,57,3262,0.0174739423666462,5.95,89,2186,2026-02-11,2026-02-11,publish
Cusco Carnival: The Ultimate Guide to Peru’s Most Colorful Andean Celebration,https://www.perugrandtravel.com/blog/traditional-cusco-carnival/,https://www.perugrandtravel.com/blog/cusco/traditional-cusco-carnival/,traditional-cusco-carnival,Cusco,URL indexada (GSC),cusco,Cusco Carnival,,55,6428,0.00855631611698818,6.01,89,1799,2026-01-08,2026-01-08,publish
"Things to See and Do in Miraflores, Lima, Peru",https://www.perugrandtravel.com/blog/things-to-do-in-miraflores/,https://www.perugrandtravel.com/blog/lima/things-to-do-in-miraflores/,things-to-do-in-miraflores,Lima,URL indexada (GSC),lima,miraflores,things to do in miraflores,54,20325,0.00265682656826568,12.73,74,1187,2023-12-27,2024-09-30,publish
Ayacucho Carnival: Experience the Most Authentic Folk Celebration in Peru,https://www.perugrandtravel.com/blog/traditional-ayacucho-carnival/,https://www.perugrandtravel.com/blog/peru/traditional-ayacucho-carnival/,traditional-ayacucho-carnival,Perú,URL indexada (GSC),peru,Ayacucho Carnival,,54,7710,0.00700389105058366,5.86,82,1177,2026-01-07,2026-01-07,publish
"Trujillo, Peru: The 10 Ultimate Secrets to History, Culture, Surf, and Ancient Civilizations",https://www.perugrandtravel.com/blog/trujillo-peru-2026/,https://www.perugrandtravel.com/blog/peru/trujillo-peru-2026/,trujillo-peru-2026,Perú,URL indexada (GSC),peru,Trujillo Peru,,53,15382,0.00344558574957743,7.28,94,3458,2026-01-14,2026-01-13,publish
How to Enjoy Your Trip During the Rainy Season in Peru,https://www.perugrandtravel.com/blog/rainy-season-in-peru/,https://www.perugrandtravel.com/blog/peru/rainy-season-in-peru/,rainy-season-in-peru,Perú,URL indexada (GSC),peru,Rainy Season,Rainy Season in Peru,51,20240,0.0025197628458498,8.6,87,1680,2025-09-23,2025-09-23,publish
The Anniversary of Lima: 7 Grand Ways to Celebrate the City of Kings,https://www.perugrandtravel.com/blog/anniversary-of-lima-2026/,https://www.perugrandtravel.com/blog/lima/anniversary-of-lima-2026/,anniversary-of-lima-2026,Lima,URL indexada (GSC),lima,Anniversary of Lima,,51,4303,0.0118521961422264,5.56,87,2126,2025-12-29,2026-06-22,publish
"Nightlife in Cusco: A Sophisticated Guide to Bars, Pisco, and Celebration | 2026",https://www.perugrandtravel.com/blog/nightlife-in-cusco/,https://www.perugrandtravel.com/blog/cusco/nightlife-in-cusco/,nightlife-in-cusco,Cusco,URL indexada (GSC),cusco,Nightlife in Cusco,Cusco Nightlife,50,3735,0.0133868808567604,10.64,89,2626,2026-03-19,2026-03-19,publish
Inca Trail 2 days vs 4 days: Which route is the right one for your Machu Picchu adventure?,https://www.perugrandtravel.com/blog/inca-trail-2-days-vs-4-days/,https://www.perugrandtravel.com/blog/cusco/inca-trail-2-days-vs-4-days/,inca-trail-2-days-vs-4-days,Cusco,URL indexada (GSC),cusco,Inca Trail 2 days vs 4 days,,49,3717,0.0131826741996234,9.1,86,2374,2025-12-15,2025-12-16,publish
The Magic of Cajamarca Carnival: 10 Jaw-Dropping Reasons to Experience Peru’s Most Famous Festival,https://www.perugrandtravel.com/blog/cajamarca-carnival-peru-2026/,https://www.perugrandtravel.com/blog/peru/cajamarca-carnival-peru-2026/,cajamarca-carnival-peru-2026,Perú,URL indexada (GSC),peru,Cajamarca Carnival,,49,11264,0.00435014204545455,6.78,95,3088,2026-01-07,2026-01-07,publish
The 6 Most Beautiful Lima Parks You Must Visit Now,https://www.perugrandtravel.com/blog/top-6-lima-parks/,https://www.perugrandtravel.com/blog/peru/top-6-lima-parks/,top-6-lima-parks,Perú,URL indexada (GSC),peru,lima parks,,47,90459,0.00051957240296709,8.2,90,1084,2025-06-18,2025-06-18,publish
"Trujillo Peru Weather: Climate, Seasons &amp; Best Time to Visit",https://www.perugrandtravel.com/blog/trujillo-peru-weather/,https://www.perugrandtravel.com/blog/peru/trujillo-peru-weather/,trujillo-peru-weather,Perú,URL indexada (GSC),peru,Trujillo Peru Weather,Temperatures in Trujillo,45,13111,0.00343223247654641,6.49,87,1672,2026-01-15,2026-01-15,publish
Discover the flora and fauna of Machu Picchu,https://www.perugrandtravel.com/blog/flora-and-fauna-of-machu-picchu/,https://www.perugrandtravel.com/blog/cusco/flora-and-fauna-of-machu-picchu/,flora-and-fauna-of-machu-picchu,Cusco,URL indexada (GSC),cusco,FLORA and FAUNA,"Machu Picchu, Peru",43,9568,0.00449414715719064,12.2,71,883,2023-05-11,2024-09-30,publish
Best Restaurants in Trujillo Peru: Where to Eat Like a Local and a Food Lover,https://www.perugrandtravel.com/blog/best-restaurants-in-trujillo-peru/,https://www.perugrandtravel.com/blog/peru/best-restaurants-in-trujillo-peru/,best-restaurants-in-trujillo-peru,Perú,URL indexada (GSC),peru,Best Restaurants in Trujillo Peru,"trujillo, Restaurants",42,10466,0.00401299445824575,6.69,87,3135,2026-01-16,2026-01-16,publish
7 Wonders of Huaraz You Can't Miss on Your Trip,https://www.perugrandtravel.com/blog/huaraz-in-peru/,https://www.perugrandtravel.com/blog/huaraz/huaraz-in-peru/,huaraz-in-peru,Huaraz,URL indexada (GSC),huaraz,huaraz,,41,5061,0.00810116577751433,22.38,89,767,2025-05-07,2025-05-30,publish
"The Ultimate Encyclopedia of Peruvian Pisco: History, Alchemy, and the Spirit of the Andes (2026 Edition)",https://www.perugrandtravel.com/blog/peruvian-pisco-2026/,https://www.perugrandtravel.com/blog/peru/peruvian-pisco-2026/,peruvian-pisco-2026,Perú,URL indexada (GSC),peru,Peruvian Pisco,,41,23700,0.00172995780590717,5.83,92,3873,2026-01-02,2026-05-16,publish
"Carnival in Peru: Where to Go, What to Expect &amp; Tips",https://www.perugrandtravel.com/blog/carnival-in-peru/,https://www.perugrandtravel.com/blog/peru/carnival-in-peru/,carnival-in-peru,Perú,URL indexada (GSC),peru,Carnival in Peru,Peru’s Carnival,41,12006,0.00341495918707313,5.58,87,4314,2026-01-06,2026-01-06,publish
12 Temples in Peru: A Journey to the Sacred Heart of the Andes,https://www.perugrandtravel.com/blog/temples-in-peru-2026/,https://www.perugrandtravel.com/blog/peru/temples-in-peru-2026/,temples-in-peru-2026,Perú,URL indexada (GSC),peru,Temples in Peru,,39,15404,0.00253180991950143,7.17,89,3777,2026-01-12,2026-01-12,publish
Discover the 7 Lakes of Ausangate: Everything You Need to Know,https://www.perugrandtravel.com/blog/ausangate-7-lakes/,https://www.perugrandtravel.com/blog/cusco/ausangate-7-lakes/,ausangate-7-lakes,Cusco,URL indexada (GSC),cusco,Ausangate,7 Lakes of Ausangate,38,14988,0.00253536162263144,9.69,84,1422,2023-09-29,2024-09-30,publish
Seven Wonders Is Coming to Machu Picchu: What Does It Mean for Its World Wonder Status?,https://www.perugrandtravel.com/blog/seven-wonders-is-coming-to-machu-picchu/,https://www.perugrandtravel.com/blog/peru/seven-wonders-is-coming-to-machu-picchu/,seven-wonders-is-coming-to-machu-picchu,Perú,URL indexada (GSC),peru,Seven Wonders Is Coming to Machu Picchu,"Seven Wonders, New 7 Wonders of the World",38,23895,0.00159029085582758,7.5,83,3018,2025-12-19,2025-12-19,publish
"Temple of the Sun in Peru: History, Meaning, and How to Visit",https://www.perugrandtravel.com/blog/temple-of-the-sun-in-peru/,https://www.perugrandtravel.com/blog/cusco/temple-of-the-sun-in-peru/,temple-of-the-sun-in-peru,Cusco,URL indexada (GSC),cusco,Temple of the Sun in Peru,,38,17532,0.00216746520647958,10.31,85,3521,2026-01-22,2026-01-24,publish
My Journey on the Short Inca Trail 2 Days to Machu Picchu,https://www.perugrandtravel.com/blog/my-journey-on-the-short-inca-trail-2-days-to-machu-picchu/,https://www.perugrandtravel.com/blog/cusco/my-journey-on-the-short-inca-trail-2-days-to-machu-picchu/,my-journey-on-the-short-inca-trail-2-days-to-machu-picchu,Cusco,URL indexada (GSC),cusco,My Journey on the Short Inca Trail 2 Days,inca trail,37,6449,0.00573732361606451,25.52,84,1722,2026-01-10,2026-01-10,publish
"Luxury Hotels in Puno, Peru: The Definitive Guide to Lake Titicaca Stays 2026",https://www.perugrandtravel.com/blog/luxury-hotels-in-puno/,https://www.perugrandtravel.com/blog/puno/luxury-hotels-in-puno/,luxury-hotels-in-puno,Puno,URL indexada (GSC),puno,Luxury Hotels in Puno,,36,7149,0.00503566932438103,9.97,85,3486,2026-02-23,2026-02-23,publish
Discover the Legends of Lake Titicaca: Ancient Tales that Bring the Andes,https://www.perugrandtravel.com/blog/discover-the-legends-of-lake-titicaca/,https://www.perugrandtravel.com/blog/puno/discover-the-legends-of-lake-titicaca/,discover-the-legends-of-lake-titicaca,Puno,URL indexada (GSC),puno,Legends of Lake Titicaca,lake titicaca,34,11173,0.00304305021032847,10.57,74,1545,2024-08-14,2024-12-10,publish
Live an authentic Andean wedding in the Andes of Peru,https://www.perugrandtravel.com/blog/andean-wedding/,https://www.perugrandtravel.com/blog/cusco/andean-wedding/,andean-wedding,Cusco,URL indexada (GSC),cusco,Andean wedding,,34,6138,0.00553926360377973,28.9,89,905,2025-05-21,2025-05-29,publish
The 3 Best Routes to get to Puno and Enjoy Lake Titicaca,https://www.perugrandtravel.com/blog/the-3-best-routes-to-get-to-puno/,https://www.perugrandtravel.com/blog/puno/the-3-best-routes-to-get-to-puno/,the-3-best-routes-to-get-to-puno,Puno,URL indexada (GSC),puno,get to puno,How to Get to Puno,34,9255,0.00367368989735278,14,86,1943,2025-10-28,2025-10-28,publish
"Peruvian Paso Horse: History, Gait, Temperament, and Where to See One in Peru",https://www.perugrandtravel.com/blog/peruvian-paso-horse/,https://www.perugrandtravel.com/blog/peru/peruvian-paso-horse/,peruvian-paso-horse,Perú,URL indexada (GSC),peru,Peruvian Paso Horse,,34,13202,0.00257536736858052,9.5,93,2612,2025-12-31,2026-04-20,publish
National Pisco Sour Day 2026: Celebrate Peru's Iconic Cocktail in Style,https://www.perugrandtravel.com/blog/pisco-sour-day-2026-peru/,https://www.perugrandtravel.com/blog/peru/pisco-sour-day-2026-peru/,pisco-sour-day-2026-peru,Perú,URL indexada (GSC),peru,Pisco Sour Day,,34,7215,0.00471240471240471,6.56,90,1970,2026-01-19,2026-01-17,publish
Sanctuary of the Señor de Huanca,https://www.perugrandtravel.com/blog/sanctuary-of-the-senor-de-huanca/,https://www.perugrandtravel.com/blog/cusco/sanctuary-of-the-senor-de-huanca/,sanctuary-of-the-senor-de-huanca,Cusco,URL indexada (GSC),cusco,sanctuary of the señor de huanca,,33,9317,0.00354191263282172,10.21,70,1382,2023-07-17,2024-09-28,publish
Best Time to Travel to Puerto Maldonado,https://www.perugrandtravel.com/blog/best-time-to-travel-to-puerto-maldonado/,https://www.perugrandtravel.com/blog/puerto-maldonado/best-time-to-travel-to-puerto-maldonado/,best-time-to-travel-to-puerto-maldonado,Puerto Maldonado,URL indexada (GSC),"amazonia, puerto-maldonado",Best time to travel to Puerto Maldonado.,,33,4929,0.00669506999391357,11.6,70,1384,2024-07-31,2024-07-31,publish
7 Eternal Secrets of The Cathedral of Puno: A Masterpiece Above the Clouds,https://www.perugrandtravel.com/blog/cathedral-of-puno/,https://www.perugrandtravel.com/blog/puno/cathedral-of-puno/,cathedral-of-puno,Puno,URL indexada (GSC),puno,Cathedral of Puno,,33,5663,0.00582730001765849,7.92,92,2323,2026-01-23,2026-01-22,publish
Holy Week in Peru 2026: Experience the Most Intense Religious Festival in the Andes,https://www.perugrandtravel.com/blog/holy-week-in-peru/,https://www.perugrandtravel.com/blog/peru/holy-week-in-peru/,holy-week-in-peru,Perú,URL indexada (GSC),peru,Holy Week in Peru,,33,3194,0.0103318722604884,9.11,92,2764,2026-02-05,2026-02-04,publish
7 Sublime Luxury Hotels in Arequipa Peru: A Journey into the White City’s Opulence,https://www.perugrandtravel.com/blog/luxury-hotels-in-arequipa/,https://www.perugrandtravel.com/blog/arequipa/luxury-hotels-in-arequipa/,luxury-hotels-in-arequipa,Arequipa,URL indexada (GSC),arequipa,Luxury Hotels in Arequipa,,33,5394,0.00611790878754171,12.25,87,2454,2026-02-12,2026-02-12,publish
10 Irresistible Experiences: The Guide to Food in Puno You Need for Your Trip,https://www.perugrandtravel.com/blog/food-in-puno/,https://www.perugrandtravel.com/blog/puno/food-in-puno/,food-in-puno,Puno,URL indexada (GSC),puno,Food in Puno,,33,1291,0.0255615801704105,8.13,88,2161,2026-03-27,2026-04-14,publish
Top 5 Markets in Cusco to Live Unique Experiences,https://www.perugrandtravel.com/blog/markets-in-cusco/,https://www.perugrandtravel.com/blog/cusco/markets-in-cusco/,markets-in-cusco,Cusco,URL indexada (GSC),cusco,markets in Cusco,,32,4210,0.00760095011876485,16.17,89,1564,2025-09-03,2025-09-03,publish
7 Oasis of Elegance: The Ultimate Guide to Luxury Hotels in Ica Peru,https://www.perugrandtravel.com/blog/luxury-hotels-in-ica/,https://www.perugrandtravel.com/blog/ica/luxury-hotels-in-ica/,luxury-hotels-in-ica,Ica,URL indexada (GSC),ica,Luxury Hotels in Ica,,31,4419,0.00701516180131251,7.76,86,2245,2026-02-16,2026-02-16,publish
The 7 Best Beaches of Lima Peru: Where the Metropolis Meets the Pacific,https://www.perugrandtravel.com/blog/beaches-of-lima-peru/,https://www.perugrandtravel.com/blog/lima/beaches-of-lima-peru/,beaches-of-lima-peru,Lima,URL indexada (GSC),lima,Beaches of Lima Peru,,31,6530,0.00474732006125574,8.12,88,2624,2026-04-06,2026-04-14,publish
Chaski Inca: The swift messengers who united the empire,https://www.perugrandtravel.com/blog/chaski-inca-the-swift-messengers/,https://www.perugrandtravel.com/blog/cusco/chaski-inca-the-swift-messengers/,chaski-inca-the-swift-messengers,Cusco,URL indexada (GSC),"cusco, peru",Chaski Inca,,29,22055,0.0013148945817275,8.8,77,1253,2024-11-05,2024-11-07,publish
How to Prepare Your Backpack for the Short Inca Trail,https://www.perugrandtravel.com/blog/short-inca-trail/,https://www.perugrandtravel.com/blog/cusco/short-inca-trail/,short-inca-trail,Cusco,URL indexada (GSC),cusco,short inca trail,,29,3600,0.00805555555555556,36.78,82,1240,2025-03-27,2025-05-30,publish
Sacsayhuaman Peru: 7 Secrets of the Giant Inca Fortress,https://www.perugrandtravel.com/blog/visit-sacsayhuaman-peru/,https://www.perugrandtravel.com/blog/cusco/visit-sacsayhuaman-peru/,visit-sacsayhuaman-peru,Cusco,URL indexada (GSC),cusco,Sacsayhuaman,,29,7330,0.00395634379263302,10.29,91,2444,2026-02-10,2026-02-10,publish
10 Most Spectacular Luxury Hotels in Sacred Valley Peru: Your 2026 Guide to Andean Opulence,https://www.perugrandtravel.com/blog/luxury-hotels-in-sacred-valley/,https://www.perugrandtravel.com/blog/cusco/luxury-hotels-in-sacred-valley/,luxury-hotels-in-sacred-valley,Cusco,URL indexada (GSC),cusco,Luxury Hotels in Sacred Valley,,29,5002,0.00579768092762895,18.37,88,2009,2026-02-13,2026-02-12,publish
Luxury Hotels in Iquitos Peru: The Ultimate Guide to High-End Stays in the Amazon,https://www.perugrandtravel.com/blog/luxury-hotels-in-iquitos/,https://www.perugrandtravel.com/blog/peru/luxury-hotels-in-iquitos/,luxury-hotels-in-iquitos,Perú,URL indexada (GSC),peru,Luxury Hotels in Iquitos,,29,2318,0.0125107851596204,12.26,76,2784,2026-02-14,2026-02-14,publish
Are Machu Picchu Tickets Sold Out? Here is What to Do in 2026,https://www.perugrandtravel.com/blog/machu-picchu-tickets-sold-out/,https://www.perugrandtravel.com/blog/cusco/machu-picchu-tickets-sold-out/,machu-picchu-tickets-sold-out,Cusco,URL indexada (GSC),cusco,Machu Picchu Tickets Sold Out,,29,4119,0.00704054382131585,7.48,86,2120,2026-04-20,2026-04-16,publish
Halloween Day and Creole Song: Peruvian Customs in October,https://www.perugrandtravel.com/blog/halloween-and-creole-song/,https://www.perugrandtravel.com/blog/peru/halloween-and-creole-song/,halloween-and-creole-song,Perú,URL indexada (GSC),"arequipa, cusco, peru",Halloween and Creole song,,28,11283,0.00248160950101923,9.45,67,1462,2024-10-11,2024-12-10,publish
"What Are Things to Do in Lima Peru? Top Attractions, Weather &amp; Day Trips",https://www.perugrandtravel.com/blog/what-are-things-to-do-in-lima/,https://www.perugrandtravel.com/blog/lima/what-are-things-to-do-in-lima/,what-are-things-to-do-in-lima,Lima,URL indexada (GSC),lima,Things to Do in Lima,,28,13578,0.0020621593754603,27.53,83,3215,2025-12-30,2026-06-18,publish
Churches in Peru: A Complete Guide to the Country’s 30 Most Beautiful and Historic Sacred Sites,https://www.perugrandtravel.com/blog/churches-in-peru-2026/,https://www.perugrandtravel.com/blog/peru/churches-in-peru-2026/,churches-in-peru-2026,Perú,URL indexada (GSC),peru,Churches in Peru,,28,7271,0.00385091459221565,8.24,90,4674,2026-01-08,2026-01-09,publish
20 Extraordinary Things to Do in Trujillo: The Ultimate Guide to Peru’s Capital of Culture,https://www.perugrandtravel.com/blog/things-to-do-in-trujillo-2026/,https://www.perugrandtravel.com/blog/peru/things-to-do-in-trujillo-2026/,things-to-do-in-trujillo-2026,Perú,URL indexada (GSC),peru,Things to Do in Trujillo,,28,6302,0.00444303395747382,6.88,92,4131,2026-01-15,2026-01-14,publish
"Peru for Seniors 2026: The Ultimate Guide to Luxury, Comfort &amp; Adventure",https://www.perugrandtravel.com/blog/peru-for-seniors-machu-picchu/,https://www.perugrandtravel.com/blog/peru/peru-for-seniors-machu-picchu/,peru-for-seniors-machu-picchu,Perú,URL indexada (GSC),peru,Peru for Seniors,,28,2857,0.00980049002450122,7.8,88,1899,2026-02-03,2026-02-02,publish
12 Breathtaking Beaches of Peru: A Luxury Guide for an Exclusive 2026 Experience,https://www.perugrandtravel.com/blog/beaches-of-peru/,https://www.perugrandtravel.com/blog/peru/beaches-of-peru/,beaches-of-peru,Perú,URL indexada (GSC),peru,beaches of Peru,Peru's beaches,28,6315,0.00443388756927949,16.72,90,3940,2026-03-17,2026-03-17,publish
Machu Picchu Circuit 2 vs. Circuit 1: 5 Critical Differences You Must Know for 2026,https://www.perugrandtravel.com/blog/machu-picchu-circuit-2-vs-circuit-1/,https://www.perugrandtravel.com/blog/cusco/machu-picchu-circuit-2-vs-circuit-1/,machu-picchu-circuit-2-vs-circuit-1,Cusco,URL indexada (GSC),cusco,Machu Picchu Circuit 2 vs. Circuit 1,,28,2325,0.0120430107526882,9.15,86,1758,2026-05-04,2026-05-04,publish
10 Best Restaurants in Lima Every Traveler Should Try,https://www.perugrandtravel.com/blog/best-restaurants-in-lima/,https://www.perugrandtravel.com/blog/lima/best-restaurants-in-lima/,best-restaurants-in-lima,Lima,URL indexada (GSC),lima,best restaurants in Lima,Restaurants,27,37511,0.000719788861933833,53.1,90,1094,2024-04-24,2025-08-26,publish
Legends and Myths of Cusco – A Magical Journey to the Heart of the Andes,https://www.perugrandtravel.com/blog/legends-of-cusco/,https://www.perugrandtravel.com/blog/cusco/legends-of-cusco/,legends-of-cusco,Cusco,URL indexada (GSC),cusco,legends of cusco,,27,6688,0.00403708133971292,13.78,30,1214,2024-08-29,2024-08-29,publish
Peruvian Jungle Packing Guide: Complete Practical Checklist,https://www.perugrandtravel.com/blog/peruvian-jungle-packing-guide/,https://www.perugrandtravel.com/blog/amazonia/peruvian-jungle-packing-guide/,peruvian-jungle-packing-guide,Amazonia,URL indexada (GSC),amazonia,peruvian jungle,,27,5208,0.00518433179723502,17.53,88,689,2025-06-13,2025-06-13,publish
New Year in Cusco: how it’s celebrated in the imperial city,https://www.perugrandtravel.com/blog/celebration-of-new-year-in-cusco/,https://www.perugrandtravel.com/blog/cusco/celebration-of-new-year-in-cusco/,celebration-of-new-year-in-cusco,Cusco,URL indexada (GSC),cusco,New Year in Cusco,New Year’s Eve,27,2861,0.0094372596994058,13.2,87,2331,2025-11-11,2025-11-11,publish
My Experience in Ica-Paracas and Lima: The Privilege of the Desert and the City - 7 Unforgettable Lessons,https://www.perugrandtravel.com/blog/experience-in-ica-paracas-lima/,https://www.perugrandtravel.com/blog/manu/experience-in-ica-paracas-lima/,experience-in-ica-paracas-lima,Manu,URL indexada (GSC),manu,Experience in Ica-Paracas,Experience in Lima,27,3788,0.00712777191129884,9.55,87,2058,2026-01-10,2026-01-09,publish
Best Luxury Hotels in Lima Peru for Your Next Trip,https://www.perugrandtravel.com/blog/luxury-hotels-in-lima-peru/,https://www.perugrandtravel.com/blog/luxury/luxury-hotels-in-lima-peru/,luxury-hotels-in-lima-peru,Luxury,URL indexada (GSC),"luxury, peru",luxury hotels in lima peru,,26,14643,0.00177559243324455,33.03,84,1021,2025-08-19,2025-08-19,publish
15 Amazing Things to Do in Puno: The Ultimate Guide to Lake Titicaca &amp; Beyond,https://www.perugrandtravel.com/blog/things-to-do-in-puno-2026/,https://www.perugrandtravel.com/blog/puno/things-to-do-in-puno-2026/,things-to-do-in-puno-2026,Puno,URL indexada (GSC),puno,Things to do in Puno,,26,3591,0.00724032302979671,17.08,90,3602,2026-01-05,2026-01-05,publish
"5 Tourist Attractions in Trujillo, Peru: Complete Travel &amp; Cultural Guide",https://www.perugrandtravel.com/blog/tourist-attractions-in-trujillo/,https://www.perugrandtravel.com/blog/peru/tourist-attractions-in-trujillo/,tourist-attractions-in-trujillo,Perú,URL indexada (GSC),peru,Tourist Attractions in Trujillo,"Attractions in Trujillo, trujillo",26,4156,0.00625601539942252,8.31,86,2083,2026-01-14,2026-01-14,publish
12 Fascinating Coffee Shops in Cusco: The Definitive Guide for the Sophisticated Traveler,https://www.perugrandtravel.com/blog/coffee-shops-in-cusco/,https://www.perugrandtravel.com/blog/cusco/coffee-shops-in-cusco/,coffee-shops-in-cusco,Cusco,URL indexada (GSC),cusco,Coffee Shops in Cusco,,26,3043,0.00854419980282616,8.95,90,2085,2026-04-29,2026-04-29,publish
Rural Tourism in Peru: Authentic Experiences,https://www.perugrandtravel.com/blog/rural-tourism-in-peru/,https://www.perugrandtravel.com/blog/cusco/rural-tourism-in-peru/,rural-tourism-in-peru,Cusco,URL indexada (GSC),cusco,Rural tourism in Peru,,25,4198,0.00595521676989042,14.76,69,1672,2024-04-15,2024-09-30,publish
Packing List for Cusco Peru 2026: The Ultimate Guide for Altitude &amp; Style,https://www.perugrandtravel.com/blog/packing-list-for-cusco/,https://www.perugrandtravel.com/blog/cusco/packing-list-for-cusco/,packing-list-for-cusco,Cusco,URL indexada (GSC),cusco,Packing List for Cusco,,25,2943,0.00849473326537547,7.15,85,1990,2026-02-09,2026-02-07,publish
Labor Day Holiday in Peru 2026: 5 Powerful Reasons to Experience May 1st in the Andes,https://www.perugrandtravel.com/blog/labor-day-holiday-in-peru/,https://www.perugrandtravel.com/blog/peru/labor-day-holiday-in-peru/,labor-day-holiday-in-peru,Perú,URL indexada (GSC),peru,Labor Day Holiday in Peru,,25,3136,0.0079719387755102,5.92,88,1905,2026-02-17,2026-02-16,publish
"Andean Explorer train: Discover Cusco, Puno, and Arequipa",https://www.perugrandtravel.com/blog/andean-explorer-train/,https://www.perugrandtravel.com/blog/peru/andean-explorer-train/,andean-explorer-train,Perú,URL indexada (GSC),peru,andean explorer train,,24,15277,0.0015709890685344,39.1,89,1062,2025-07-09,2025-07-09,publish
Luxury hotels in Peru: Our top 5 favorites for your trip,https://www.perugrandtravel.com/blog/luxury-hotels-in-peru-belmond/,https://www.perugrandtravel.com/blog/luxury/luxury-hotels-in-peru-belmond/,luxury-hotels-in-peru-belmond,Luxury,URL indexada (GSC),"luxury, peru",luxury hotels in peru,,24,16677,0.00143910775319302,24.52,86,742,2025-08-04,2025-08-08,publish
"Colorful mountains in Peru: Vinicunca, Palccoyo and Pallay Punchu",https://www.perugrandtravel.com/blog/colorful-mountains-in-peru/,https://www.perugrandtravel.com/blog/cusco/colorful-mountains-in-peru/,colorful-mountains-in-peru,Cusco,URL indexada (GSC),cusco,colorful mountains in peru,,24,13891,0.00172773738391764,11.04,85,1903,2025-09-02,2025-09-02,publish
Top 10 Most Popular Peruvian Street Food Dishes,https://www.perugrandtravel.com/blog/peruvian-street-food/,https://www.perugrandtravel.com/blog/peru/peruvian-street-food/,peruvian-street-food,Perú,URL indexada (GSC),peru,Peruvian street food,,23,5273,0.00436184335293002,19.28,90,1000,2025-07-16,2025-07-16,publish
10 places to go in Lima that will make you fall in love with the city,https://www.perugrandtravel.com/blog/10-places-to-go-in-lima-that-will-make-you-fall-in-love-with-the-city/,https://www.perugrandtravel.com/blog/lima/10-places-to-go-in-lima-that-will-make-you-fall-in-love-with-the-city/,10-places-to-go-in-lima-that-will-make-you-fall-in-love-with-the-city,Lima,URL indexada (GSC),lima,places to go in lima,,23,6120,0.00375816993464052,10.33,85,2108,2025-10-22,2025-10-27,publish
"Mother’s Day in Peru: gifts, traditions, and how to celebrate",https://www.perugrandtravel.com/blog/mothers-day-in-peru/,https://www.perugrandtravel.com/blog/cusco/mothers-day-in-peru/,mothers-day-in-peru,Cusco,URL indexada (GSC),cusco,Mother’s Day,,23,8732,0.00263398992212552,7.67,82,1533,2026-02-25,2026-02-25,publish
Cusco for Couples: A Romantic Guide to Exploring the Inca City,https://www.perugrandtravel.com/blog/cusco-in-couples/,https://www.perugrandtravel.com/blog/cusco/cusco-in-couples/,cusco-in-couples,Cusco,URL indexada (GSC),cusco,Cusco in Couples,,22,2393,0.00919348098620978,12.94,29,1817,2024-09-19,2024-09-20,publish
Top 7 Most Famous Peruvian Festivals: You Should Experience at Least Once,https://www.perugrandtravel.com/blog/7-most-famous-peruvian-festivals/,https://www.perugrandtravel.com/blog/cusco/7-most-famous-peruvian-festivals/,7-most-famous-peruvian-festivals,Cusco,URL indexada (GSC),cusco,Most Famous Peruvian Festivals,,22,15168,0.00145042194092827,9.37,90,2987,2025-12-23,2025-12-26,publish
Lord of the earthquakes peru – The Most Important Religious Tradition in Cusco,https://www.perugrandtravel.com/blog/lord-of-the-earthquakes-peru/,https://www.perugrandtravel.com/blog/cusco/lord-of-the-earthquakes-peru/,lord-of-the-earthquakes-peru,Cusco,URL indexada (GSC),cusco,Lord of the earthquakes,,22,1562,0.0140845070422535,7.54,90,2431,2026-02-07,2026-02-07,publish
Holy Week Traditions in Peru: A Traveler’s Guide,https://www.perugrandtravel.com/blog/holy-week-traditions-in-peru/,https://www.perugrandtravel.com/blog/peru/holy-week-traditions-in-peru/,holy-week-traditions-in-peru,Perú,URL indexada (GSC),peru,Holy Week Traditions,Holy Week,22,2144,0.0102611940298508,8.68,83,3571,2026-02-24,2026-02-24,publish
What to Wear in Peru 2026: The Ultimate Packing Guide,https://www.perugrandtravel.com/blog/what-to-wear-in-peru/,https://www.perugrandtravel.com/blog/peru/what-to-wear-in-peru/,what-to-wear-in-peru,Perú,URL indexada (GSC),peru,what to wear in peru,,21,6227,0.00337241047053156,19.39,87,603,2025-04-22,2026-06-17,publish
The 5 best typical foods of Puno,https://www.perugrandtravel.com/blog/typical-foods-of-puno/,https://www.perugrandtravel.com/blog/puno/typical-foods-of-puno/,typical-foods-of-puno,Puno,URL indexada (GSC),puno,typical foods of Puno,,20,1928,0.0103734439834025,11.81,70,728,2023-11-27,2024-09-30,publish
Ready for the Rainbow Mountain? Read this first,https://www.perugrandtravel.com/blog/rainbow-mountain/,https://www.perugrandtravel.com/blog/cusco/rainbow-mountain/,rainbow-mountain,Cusco,URL indexada (GSC),cusco,Rainbow Mountain,,20,4432,0.00451263537906137,7.62,89,893,2025-04-21,2025-05-30,publish
"7 Activities You Can Do in Paracas, Peru",https://www.perugrandtravel.com/blog/activities-to-do-in-paracas-peru/,https://www.perugrandtravel.com/blog/ica/activities-to-do-in-paracas-peru/,activities-to-do-in-paracas-peru,Ica,URL indexada (GSC),"ica, paracas",Do in Paracas,what to do in paracas,20,5957,0.00335739466174249,16.73,84,2059,2025-10-30,2025-10-30,publish
Carnival in Brazil vs Carnival in Peru: What’s the Difference and Which One Should You Choose?,https://www.perugrandtravel.com/blog/carnival-in-brazil-vs-carnival-in-peru/,https://www.perugrandtravel.com/blog/peru/carnival-in-brazil-vs-carnival-in-peru/,carnival-in-brazil-vs-carnival-in-peru,Perú,URL indexada (GSC),peru,Carnival in Brazil vs Carnival in Peru,"Carnival in Brazil, Carnival in Peru",20,3679,0.00543625985322098,8.39,84,2972,2026-01-12,2026-01-12,publish
Getting from Lima to Cusco: Complete guide 2024,https://www.perugrandtravel.com/blog/how-to-get-from-lima-to-cusco/,https://www.perugrandtravel.com/blog/cusco/how-to-get-from-lima-to-cusco/,how-to-get-from-lima-to-cusco,Cusco,URL indexada (GSC),"cusco, lima",How to get from Lima to Cusco,,19,16704,0.00113745210727969,37.34,28,1255,2024-04-18,2025-12-16,publish
Traditions of the Virgin of Candelaria in Puno: A celebration of faith and culture,https://www.perugrandtravel.com/blog/virgin-of-candelaria-in-puno/,https://www.perugrandtravel.com/blog/puno/virgin-of-candelaria-in-puno/,virgin-of-candelaria-in-puno,Puno,URL indexada (GSC),puno,Virgin of Candelaria,,19,18002,0.00105543828463504,46.58,77,1181,2024-08-16,2024-12-10,publish
Top 5 Cusco Streets You Must Explore: Secrets in Stone,https://www.perugrandtravel.com/blog/top-5-cusco-streets/,https://www.perugrandtravel.com/blog/cusco/top-5-cusco-streets/,top-5-cusco-streets,Cusco,URL indexada (GSC),cusco,cusco streets,,19,4493,0.0042288003561095,9.81,88,1402,2025-07-12,2026-04-20,publish
How to Get from Lima to Cusco According to Your Travel Style,https://www.perugrandtravel.com/blog/how-to-get-from-lima-cusco/,https://www.perugrandtravel.com/blog/peru/how-to-get-from-lima-cusco/,how-to-get-from-lima-cusco,Perú,URL indexada (GSC),peru,how to get from lima to cusco,,19,19916,0.000954006828680458,24.37,78,1153,2025-07-18,2025-12-16,publish
"Machu Picchu Butterfly Sanctuary: Nature, Conservation, and Beauty in the Heart of the Andes",https://www.perugrandtravel.com/blog/machu-picchu-butterfly-sanctuary/,https://www.perugrandtravel.com/blog/cusco/machu-picchu-butterfly-sanctuary/,machu-picchu-butterfly-sanctuary,Cusco,URL indexada (GSC),cusco,Machu Picchu Butterfly Sanctuary,,19,3274,0.00580329871716555,9.5,87,1828,2025-10-18,2025-10-20,publish
When Is Summer in Peru?,https://www.perugrandtravel.com/blog/when-is-summer-in-peru/,https://www.perugrandtravel.com/blog/peru/when-is-summer-in-peru/,when-is-summer-in-peru,Perú,URL indexada (GSC),peru,When Is Summer in Peru,Summer in Peru,19,9909,0.0019174487839338,8.14,84,2310,2025-11-26,2025-11-26,publish
Lares Trek Peru Guide: Everything You Need to Know,https://www.perugrandtravel.com/blog/lares-trek-peru-guide/,https://www.perugrandtravel.com/blog/cusco/lares-trek-peru-guide/,lares-trek-peru-guide,Cusco,URL indexada (GSC),cusco,Lares Trek,,18,11799,0.0015255530129672,47.19,82,1194,2023-10-05,2024-09-30,publish
Where is Machu Picchu? Discover its location in Peru,https://www.perugrandtravel.com/blog/where-is-machu-picchu/,https://www.perugrandtravel.com/blog/cusco/where-is-machu-picchu/,where-is-machu-picchu,Cusco,URL indexada (GSC),cusco,where is machu picchu,,18,27023,0.000666099248788069,43.38,70,1102,2023-10-06,2024-09-28,publish
"Trip to Peru in 12 days: Culture, history and stunning landscapes",https://www.perugrandtravel.com/blog/trip-to-peru-in-12-days/,https://www.perugrandtravel.com/blog/peru/trip-to-peru-in-12-days/,trip-to-peru-in-12-days,Perú,URL indexada (GSC),"arequipa, cusco, lima, peru, puno",Peru in 12 days:,,18,1525,0.0118032786885246,13.57,67,1329,2024-11-22,2024-11-26,publish
10 Peruvian Desserts You Must Try During Your Trip,https://www.perugrandtravel.com/blog/10-peruvian-desserts/,https://www.perugrandtravel.com/blog/peru/10-peruvian-desserts/,10-peruvian-desserts,Perú,URL indexada (GSC),peru,Peruvian Desserts,,18,7983,0.00225479143179256,32.28,85,1045,2025-05-08,2025-05-30,publish
Best Places to Visit in Peru with Kids: Practical Guide,https://www.perugrandtravel.com/blog/best-places-to-visit-in-peru-with-kids/,https://www.perugrandtravel.com/blog/cusco/best-places-to-visit-in-peru-with-kids/,best-places-to-visit-in-peru-with-kids,Cusco,URL indexada (GSC),cusco,best places to visit in peru,,18,9092,0.00197976242850858,20.04,84,1358,2025-06-18,2025-12-17,publish
5 Museums in Cusco That Complete Your Visit to the City,https://www.perugrandtravel.com/blog/5-museums-in-cusco/,https://www.perugrandtravel.com/blog/cusco/5-museums-in-cusco/,5-museums-in-cusco,Cusco,URL indexada (GSC),cusco,5 Museums in Cusco,,18,2920,0.00616438356164384,17.27,88,1702,2025-07-05,2026-05-21,publish
Recommendations for Traveling to the Peruvian Jungle of Puerto Maldonado,https://www.perugrandtravel.com/blog/recommendations-puerto-maldonado-jungle/,https://www.perugrandtravel.com/blog/puerto-maldonado/recommendations-puerto-maldonado-jungle/,recommendations-puerto-maldonado-jungle,Puerto Maldonado,URL indexada (GSC),"amazonia, puerto-maldonado",Puerto Maldonado jungle,,17,1561,0.0108904548366432,18.88,57,1203,2024-07-30,2024-12-10,publish
Discover the Hidden Secrets of Machu Picchu: Fascinating Facts That Will Surprise You,https://www.perugrandtravel.com/blog/hidden-secrets-of-machu-picchu/,https://www.perugrandtravel.com/blog/cusco/hidden-secrets-of-machu-picchu/,hidden-secrets-of-machu-picchu,Cusco,URL indexada (GSC),cusco,curious facts about machu picchu,,17,9042,0.00188011501880115,13.9,22,1555,2024-08-09,2024-08-08,publish
Activities in December for Christmas in Cusco and Machu Picchu,https://www.perugrandtravel.com/blog/christmas-in-cusco-and-machupicchu/,https://www.perugrandtravel.com/blog/cusco/christmas-in-cusco-and-machupicchu/,christmas-in-cusco-and-machupicchu,Cusco,URL indexada (GSC),cusco,Cusco and Machu Picchu,,17,3502,0.00485436893203884,18.24,69,1381,2024-10-18,2024-10-18,publish
10 Best Places to Travel for Valentine's Day: Why Peru Should Be Your #1 Choice,https://www.perugrandtravel.com/blog/places-to-travel-for-valentines-day/,https://www.perugrandtravel.com/blog/peru/places-to-travel-for-valentines-day/,places-to-travel-for-valentines-day,Perú,URL indexada (GSC),peru,Places to Travel for Valentine's Day,,17,6950,0.00244604316546763,7.57,86,2899,2026-01-06,2026-01-06,publish
Floating Island of the Uros: Explore the best of Titicaca,https://www.perugrandtravel.com/blog/uros-floating-islands/,https://www.perugrandtravel.com/blog/puno/uros-floating-islands/,uros-floating-islands,Puno,URL indexada (GSC),puno,the uros,uros floating islands,16,17579,0.000910176915637977,18.3,73,2379,2024-03-15,2024-09-30,publish
Machu picchu 1 day hike: Complete Guide for an Unforgettable Experience,https://www.perugrandtravel.com/blog/machu-picchu-one-day-tour/,https://www.perugrandtravel.com/blog/cusco/machu-picchu-one-day-tour/,machu-picchu-one-day-tour,Cusco,URL indexada (GSC),cusco,Machu Picchu One Day,,16,6259,0.00255631890078287,38.92,65,1540,2024-11-25,2024-12-20,publish
The Best Machu Picchu Circuits: Discover Them Here,https://www.perugrandtravel.com/blog/the-best-machu-picchu-circuits/,https://www.perugrandtravel.com/blog/cusco/the-best-machu-picchu-circuits/,the-best-machu-picchu-circuits,Cusco,URL indexada (GSC),cusco,machu picchu circuits,,16,3055,0.00523731587561375,33.99,86,1471,2025-03-10,2025-05-30,publish
Travel tips for visiting Palccoyo in Peru,https://www.perugrandtravel.com/blog/tips-palccoyo-peru/,https://www.perugrandtravel.com/blog/cusco/tips-palccoyo-peru/,tips-palccoyo-peru,Cusco,URL indexada (GSC),cusco,Palccoyo,,15,23970,0.000625782227784731,76.89,74,1152,2023-11-02,2024-09-28,publish
Lagoons to Visit in Huaraz – A Natural Paradise in the Andes,https://www.perugrandtravel.com/blog/lagoons-to-visit-in-huaraz-a-natural-paradise-in-the-andes/,https://www.perugrandtravel.com/blog/huaraz/lagoons-to-visit-in-huaraz-a-natural-paradise-in-the-andes/,lagoons-to-visit-in-huaraz-a-natural-paradise-in-the-andes,Huaraz,URL indexada (GSC),huaraz,lagoons to visit in huaraz,,15,4753,0.00315590153587208,10.54,74,2084,2024-10-23,2024-10-23,publish
The Best of the Peruvian Jungle: Tour Packages to the Amazon,https://www.perugrandtravel.com/blog/the-peruvian-jungle-tourist-packages-to-the-amazon/,https://www.perugrandtravel.com/blog/amazonia/the-peruvian-jungle-tourist-packages-to-the-amazon/,the-peruvian-jungle-tourist-packages-to-the-amazon,Amazonia,URL indexada (GSC),"amazonia, cusco, lima, peru, puerto-maldonado",Peruvian Jungle:,,15,9023,0.00166241826443533,41.42,67,2160,2024-11-19,2024-11-21,publish
10 Peruvian Dishes Every Traveler Must Try in Peru,https://www.perugrandtravel.com/blog/10-peruvian-dishes/,https://www.perugrandtravel.com/blog/peru/10-peruvian-dishes/,10-peruvian-dishes,Perú,URL indexada (GSC),peru,peruvian dishes,,15,8118,0.00184774575018478,17.85,89,1254,2025-06-19,2025-06-19,publish
Ballestas Islands Peru: Your Next Adventure at Sea,https://www.perugrandtravel.com/blog/ballestas-islands-peru/,https://www.perugrandtravel.com/blog/ica/ballestas-islands-peru/,ballestas-islands-peru,Ica,URL indexada (GSC),ica,Ballestas Islands Peru,,15,6744,0.00222419928825623,13.39,85,1057,2025-07-07,2025-07-07,publish
10 Peru Travel Tips You Need to Know Before Visiting,https://www.perugrandtravel.com/blog/peru-travel-tips/,https://www.perugrandtravel.com/blog/peru/peru-travel-tips/,peru-travel-tips,Perú,URL indexada (GSC),peru,Peru Travel Tips,,15,15969,0.000939319932368965,28.51,82,1007,2025-08-16,2025-08-19,publish
Why Is Machu Picchu Famous?,https://www.perugrandtravel.com/blog/why-is-machu-picchu-famous/,https://www.perugrandtravel.com/blog/cusco/why-is-machu-picchu-famous/,why-is-machu-picchu-famous,Cusco,URL indexada (GSC),cusco,Why Is Machu Picchu Famous,,15,4031,0.0037211610022327,12.41,84,2044,2025-12-16,2025-12-16,publish
"41 Incredible Museums in Peru: The Ultimate Guide to History, Art, and Andean Secrets",https://www.perugrandtravel.com/blog/museums-in-peru/,https://www.perugrandtravel.com/blog/peru/museums-in-peru/,museums-in-peru,Perú,URL indexada (GSC),peru,Museums in Peru,,15,3849,0.0038971161340608,9.74,91,3357,2026-02-18,2026-02-19,publish
Wiñay Wayna: The jewel of the Inca Trail to Machu Picchu,https://www.perugrandtravel.com/blog/winay-wayna/,https://www.perugrandtravel.com/blog/cusco/winay-wayna/,winay-wayna,Cusco,URL indexada (GSC),cusco,wiñay wayna,,14,4601,0.0030428167789611,11.14,70,1073,2023-05-11,2025-10-14,publish
Tourist Places of the Peruvian Coast,https://www.perugrandtravel.com/blog/tourist-places-of-the-peruvian-coast/,https://www.perugrandtravel.com/blog/lima/tourist-places-of-the-peruvian-coast/,tourist-places-of-the-peruvian-coast,Lima,URL indexada (GSC),lima,tourist places,tourist places on the peruvian coast,14,9314,0.00150311359244149,14,61,1280,2024-04-17,2024-09-30,publish
Tourist Places in Puerto Maldonado: The virgin forest of the Amazon,https://www.perugrandtravel.com/blog/tourist-places-in-puerto-maldonado/,https://www.perugrandtravel.com/blog/amazonia/tourist-places-in-puerto-maldonado/,tourist-places-in-puerto-maldonado,Amazonia,URL indexada (GSC),"amazonia, puerto-maldonado",tourist places in Puerto Maldonado,,14,5294,0.00264450321118247,23.02,53,986,2024-07-26,2024-12-10,publish
Explore Qeswachaka: The Inca Bridge Renewed Every Year,https://www.perugrandtravel.com/blog/qeswachaka-the-inca-bridge/,https://www.perugrandtravel.com/blog/cusco/qeswachaka-the-inca-bridge/,qeswachaka-the-inca-bridge,Cusco,URL indexada (GSC),cusco,Qeswachaka,,14,3518,0.00397953382603752,17.28,89,1112,2025-06-20,2025-06-20,publish
Best Hotels to Stay in Cusco: Top Picks for Your Trip,https://www.perugrandtravel.com/blog/best-hotels-to-stay-in-cusco/,https://www.perugrandtravel.com/blog/luxury/best-hotels-to-stay-in-cusco/,best-hotels-to-stay-in-cusco,Luxury,URL indexada (GSC),luxury,best hotels to stay in cusco,,14,5719,0.00244798041615667,46.34,85,773,2025-09-09,2025-09-09,publish
World Wildlife Day in Peru: How to Celebrate and Where to See Peru’s Most Iconic Wildlife,https://www.perugrandtravel.com/blog/world-wildlife-day-in-peru/,https://www.perugrandtravel.com/blog/peru/world-wildlife-day-in-peru/,world-wildlife-day-in-peru,Perú,URL indexada (GSC),peru,World Wildlife Day in Peru,,14,12863,0.00108839306538133,9.54,85,2811,2026-01-13,2026-01-14,publish
7 Enchanting Reasons to Visit Juli Puno: The Rome of America,https://www.perugrandtravel.com/blog/visit-juli-puno-peru/,https://www.perugrandtravel.com/blog/puno/visit-juli-puno-peru/,visit-juli-puno-peru,Puno,URL indexada (GSC),puno,Juli Puno,,14,1458,0.00960219478737997,7.46,91,1948,2026-01-29,2026-01-27,publish
Centro Qosqo de Arte Nativo: Andean Culture and Traditional Dances in Cusco,https://www.perugrandtravel.com/blog/centro-qosqo-de-arte-nativo/,https://www.perugrandtravel.com/blog/cusco/centro-qosqo-de-arte-nativo/,centro-qosqo-de-arte-nativo,Cusco,URL indexada (GSC),cusco,Centro Qosqo de Arte Nativo,Qosqo Center of Native Art,14,2796,0.0050071530758226,8.55,90,2874,2026-02-11,2026-02-11,publish
"Machu Picchu in december: Weather, temperature, tips and more",https://www.perugrandtravel.com/blog/machu-picchu-in-december/,https://www.perugrandtravel.com/blog/cusco/machu-picchu-in-december/,machu-picchu-in-december,Cusco,URL indexada (GSC),cusco,machu picchu in december,,13,14158,0.000918208786551773,19.02,78,1107,2023-10-06,2024-09-28,publish
AI Uncovers 303 New Figures in the Nazca Desert: A Discovery That Revolutionizes History,https://www.perugrandtravel.com/blog/the-ia-unearths-303-new-figures-in-nazca/,https://www.perugrandtravel.com/blog/nazca/the-ia-unearths-303-new-figures-in-nazca/,the-ia-unearths-303-new-figures-in-nazca,Nazca,URL indexada (GSC),nazca,nazca desert,,13,4491,0.00289467824537965,15.8,67,1051,2024-09-24,2024-09-25,publish
"What to See in Puno, Peru: Explore the Best with Us",https://www.perugrandtravel.com/blog/what-to-see-in-puno/,https://www.perugrandtravel.com/blog/puno/what-to-see-in-puno/,what-to-see-in-puno,Puno,URL indexada (GSC),puno,what to see in puno,,13,7589,0.00171300566609567,28.87,85,847,2025-02-18,2025-12-04,publish
Main Square of Puno: The Cultural Heart of Lake Titicaca,https://www.perugrandtravel.com/blog/main-square-of-puno/,https://www.perugrandtravel.com/blog/puno/main-square-of-puno/,main-square-of-puno,Puno,URL indexada (GSC),puno,Main Square of Puno,Puno’s Plaza de Armas,13,1560,0.00833333333333333,8.68,86,2385,2026-01-07,2026-03-12,publish
12 Essential Tourist Tickets in Peru: The Ultimate 2026 Guide to Official Entry &amp; Elite Experiences,https://www.perugrandtravel.com/blog/tourist-tickets-in-peru/,https://www.perugrandtravel.com/blog/peru/tourist-tickets-in-peru/,tourist-tickets-in-peru,Perú,URL indexada (GSC),peru,Tourist Tickets in Peru,,13,6242,0.00208266581223967,10.52,92,3351,2026-01-20,2026-01-20,publish
5 Sacred Secrets of the Religious Tourist Ticket in Cusco: The Elite Traveler’s Guide,https://www.perugrandtravel.com/blog/religious-tourist-ticket-cusco/,https://www.perugrandtravel.com/blog/cusco/religious-tourist-ticket-cusco/,religious-tourist-ticket-cusco,Cusco,URL indexada (GSC),cusco,Religious Tourist Ticket,,13,2026,0.00641658440276407,8.43,92,2036,2026-01-21,2026-01-20,publish
20 Best Half-Day Tours from Cusco: Uncover the Magic in a Few Hours,https://www.perugrandtravel.com/blog/half-day-tours-from-cusco-peru/,https://www.perugrandtravel.com/blog/cusco/half-day-tours-from-cusco-peru/,half-day-tours-from-cusco-peru,Cusco,URL indexada (GSC),cusco,Half-Day Tours from Cusco,,13,1881,0.00691121743753323,8.01,91,2755,2026-01-30,2026-01-30,publish
Discover the 3 hotels in Cusco surrounded by nature,https://www.perugrandtravel.com/blog/hotels-in-cusco/,https://www.perugrandtravel.com/blog/cusco/hotels-in-cusco/,hotels-in-cusco,Cusco,URL indexada (GSC),cusco,hotels in Cusco,,12,2483,0.00483286347160693,45.65,85,1009,2025-05-20,2025-05-29,publish
Salkantay trek packing list: pack smart for the adventure,https://www.perugrandtravel.com/blog/salkantay-trek-packing-list/,https://www.perugrandtravel.com/blog/cusco/salkantay-trek-packing-list/,salkantay-trek-packing-list,Cusco,URL indexada (GSC),cusco,salkantay trek packing list,,12,4492,0.00267141585040071,37.74,84,756,2025-05-27,2025-05-29,publish
Choquequirao Trek to Machu Picchu: What You Need to Know,https://www.perugrandtravel.com/blog/choquequirao-trek-to-machu-picchu/,https://www.perugrandtravel.com/blog/cusco/choquequirao-trek-to-machu-picchu/,choquequirao-trek-to-machu-picchu,Cusco,URL indexada (GSC),cusco,Choquequirao trek to Machu Picchu,,12,2410,0.0049792531120332,45.26,82,1347,2025-07-05,2025-07-05,publish
"Luxury train to Machu Picchu: 2 experiences, one destination",https://www.perugrandtravel.com/blog/luxury-train-to-machu-picchu/,https://www.perugrandtravel.com/blog/luxury/luxury-train-to-machu-picchu/,luxury-train-to-machu-picchu,Luxury,URL indexada (GSC),luxury,luxury train to Machu Picchu,,12,11152,0.00107604017216643,52.46,87,948,2025-07-25,2025-08-08,publish
Sillustani Tombs Peru what the chullpas are and why it’s worth visiting,https://www.perugrandtravel.com/blog/sillustani-tombs-peru/,https://www.perugrandtravel.com/blog/puno/sillustani-tombs-peru/,sillustani-tombs-peru,Puno,URL indexada (GSC),puno,Sillustani Tombs Peru,,12,6198,0.00193610842207164,7.78,83,3777,2025-12-22,2025-12-22,publish
Things to do in Peru in 2026: The Unforgettable Itinerary for Luxury Travelers and First-Time Visitors.,https://www.perugrandtravel.com/blog/things-to-do-in-peru-2026/,https://www.perugrandtravel.com/blog/peru/things-to-do-in-peru-2026/,things-to-do-in-peru-2026,Perú,URL indexada (GSC),peru,Things to do in Peru,,12,12011,0.000999084172841562,7.62,90,4239,2025-12-26,2025-12-29,publish
18 Best Treks in Peru: The Definitive Guide for Your Epic Adventure in 2026,https://www.perugrandtravel.com/blog/treks-in-peru/,https://www.perugrandtravel.com/blog/peru/treks-in-peru/,treks-in-peru,Perú,URL indexada (GSC),peru,Treks in Peru,,12,4606,0.00260529743812419,38.51,92,3164,2026-03-02,2026-03-06,publish
10 Secrets of Alpaca Clothes Peru: The Ultimate Luxury Tribute to Andean Gold,https://www.perugrandtravel.com/blog/alpaca-clothes-peru/,https://www.perugrandtravel.com/blog/peru/alpaca-clothes-peru/,alpaca-clothes-peru,Perú,URL indexada (GSC),peru,Alpaca Clothes Peru,,12,1078,0.0111317254174397,15.61,86,1955,2026-04-09,2026-04-09,publish
7 Vital Secrets: Machu Picchu Circuit 3 vs. Circuit 1 Expert Comparison for Elite Travelers,https://www.perugrandtravel.com/blog/machu-picchu-circuit-3-vs-circuit-1/,https://www.perugrandtravel.com/blog/cusco/machu-picchu-circuit-3-vs-circuit-1/,machu-picchu-circuit-3-vs-circuit-1,Cusco,URL indexada (GSC),cusco,Machu Picchu Circuit 3 vs. Circuit 1,,12,588,0.0204081632653061,10.96,87,2075,2026-05-05,2026-05-05,publish
Traditional Festivals and Celebrations in Peru,https://www.perugrandtravel.com/blog/festivals-and-holidays-in-peru/,https://www.perugrandtravel.com/blog/cusco/festivals-and-holidays-in-peru/,festivals-and-holidays-in-peru,Cusco,URL indexada (GSC),"cusco, lima, puno",celebrations in peru,"festivals in peru, festivals and celebrations in Peru",11,15693,0.000700949467915631,38.61,71,2300,2022-03-28,2025-10-13,publish
What to See in Cusco in 3 Days: A complete guide for travelers with limited time,https://www.perugrandtravel.com/blog/what-to-see-in-cusco-in-3-days-a-complete-guide-for-travelers-with-limited-time/,https://www.perugrandtravel.com/blog/cusco/what-to-see-in-cusco-in-3-days-a-complete-guide-for-travelers-with-limited-time/,what-to-see-in-cusco-in-3-days-a-complete-guide-for-travelers-with-limited-time,Cusco,URL indexada (GSC),cusco,What to See in Cusco in 3 Days,,11,1206,0.00912106135986733,22.17,71,1554,2024-10-25,2024-10-25,publish
Huacachina: Everything You Need to Know About This Oasis,https://www.perugrandtravel.com/blog/huacachina-oasis-peruvian/,https://www.perugrandtravel.com/blog/ica/huacachina-oasis-peruvian/,huacachina-oasis-peruvian,Ica,URL indexada (GSC),ica,Huacachina,,11,20539,0.000535566483275719,20.9,88,951,2025-04-15,2025-05-30,publish
10 Peruvian drinks that will make your trip unforgettable,https://www.perugrandtravel.com/blog/peruvian-drinks/,https://www.perugrandtravel.com/blog/peru/peruvian-drinks/,peruvian-drinks,Perú,URL indexada (GSC),peru,peruvian drinks,,11,5160,0.00213178294573643,32.54,90,1253,2025-05-19,2025-05-29,publish
Discover 5 hot springs in Peru perfect for relaxing,https://www.perugrandtravel.com/blog/hot-springs-in-peru/,https://www.perugrandtravel.com/blog/peru/hot-springs-in-peru/,hot-springs-in-peru,Perú,URL indexada (GSC),peru,hot springs in Peru,,11,12180,0.00090311986863711,64.23,81,977,2025-05-22,2026-03-25,publish
"7 Days in Peru: Lima, Cusco, and Puno Adventure Awaits",https://www.perugrandtravel.com/blog/7-days-in-peru-lima-cusco-and-puno/,https://www.perugrandtravel.com/blog/peru/7-days-in-peru-lima-cusco-and-puno/,7-days-in-peru-lima-cusco-and-puno,Perú,URL indexada (GSC),peru,7 days in Peru,,11,2595,0.00423892100192678,27.84,90,1363,2025-06-27,2025-06-27,publish
Floating island of Uros: Discover a unique culture and history,https://www.perugrandtravel.com/blog/floating-island-of-uros/,https://www.perugrandtravel.com/blog/puno/floating-island-of-uros/,floating-island-of-uros,Puno,URL indexada (GSC),puno,floating island of uros,,11,2640,0.00416666666666667,22.43,85,1087,2025-07-19,2025-07-19,publish
The Foundation of Trujillo Peru 2026: Uncovering the History of the City of Eternal Spring,https://www.perugrandtravel.com/blog/foundation-of-trujillo-peru-2026/,https://www.perugrandtravel.com/blog/peru/foundation-of-trujillo-peru-2026/,foundation-of-trujillo-peru-2026,Perú,URL indexada (GSC),peru,Foundation of Trujillo,,11,8471,0.00129854798725062,6.49,84,1778,2026-01-16,2026-01-15,publish
Food in Lima 2026: The Sophisticated Guide to Savoring the Gastronomic Capital,https://www.perugrandtravel.com/blog/food-in-lima/,https://www.perugrandtravel.com/blog/lima/food-in-lima/,food-in-lima,Lima,URL indexada (GSC),lima,food in Lima,,11,1443,0.00762300762300762,13.38,86,2500,2026-03-20,2026-03-19,publish
What to do in Aguas Calientes ou Machu Picchu Pueblo,https://www.perugrandtravel.com/blog/what-to-do-in-aguas-calientes/,https://www.perugrandtravel.com/blog/cusco/what-to-do-in-aguas-calientes/,what-to-do-in-aguas-calientes,Cusco,URL indexada (GSC),cusco,aguas calientes,,10,2401,0.0041649312786339,34.73,79,1576,2023-05-24,2024-09-30,publish
The Best Tourist attractions in Machu Picchu – Discover Them!,https://www.perugrandtravel.com/blog/machu-picchu-tourist-attractions/,https://www.perugrandtravel.com/blog/cusco/machu-picchu-tourist-attractions/,machu-picchu-tourist-attractions,Cusco,URL indexada (GSC),cusco,attractions,Tourist attractions in Machu Picchu,10,5885,0.00169923534409516,38.88,76,1617,2023-09-25,2024-09-28,publish
The Best Restaurants in Aguas Calientes - Machu Picchu Pueblo,https://www.perugrandtravel.com/blog/best-restaurants-in-aguas-calientes/,https://www.perugrandtravel.com/blog/cusco/best-restaurants-in-aguas-calientes/,best-restaurants-in-aguas-calientes,Cusco,URL indexada (GSC),cusco,best restaurants,aguas calientes,10,3494,0.00286204922724671,19.07,71,1211,2023-10-19,2024-09-28,publish
How to Enjoy the Salkantay Trek in 4 Days: A memorable adventure,https://www.perugrandtravel.com/blog/how-to-enjoy-the-salkantay-trek-4-days/,https://www.perugrandtravel.com/blog/cusco/how-to-enjoy-the-salkantay-trek-4-days/,how-to-enjoy-the-salkantay-trek-4-days,Cusco,URL indexada (GSC),"cusco, salkantay",Trek 4 Days,,10,2764,0.00361794500723589,53.15,67,2408,2024-11-01,2024-11-02,publish
Things to do in Arequipa: Complete Guide to visit the White City of Peru,https://www.perugrandtravel.com/blog/guide-to-things-to-do-in-arequipa/,https://www.perugrandtravel.com/blog/arequipa/guide-to-things-to-do-in-arequipa/,guide-to-things-to-do-in-arequipa,Arequipa,URL indexada (GSC),arequipa,Things to do in Arequipa,,10,3086,0.00324044069993519,26.62,84,5939,2025-11-22,2025-12-26,publish
The Inca Trail 4 days: Your Essential Trekking Itinerary for 2026,https://www.perugrandtravel.com/blog/inca-trail-4-days/,https://www.perugrandtravel.com/blog/cusco/inca-trail-4-days/,inca-trail-4-days,Cusco,URL indexada (GSC),cusco,Inca Trail 4 days,,10,4236,0.00236071765816808,30.17,89,2039,2025-12-15,2025-12-16,publish
A Crown for the Andean Jewel: The Church of Andahuaylillas is Recognized with the Highest Tourism Distinction - Hierarchy 4,https://www.perugrandtravel.com/blog/church-of-andahuaylillas-cusco/,https://www.perugrandtravel.com/blog/cusco/church-of-andahuaylillas-cusco/,church-of-andahuaylillas-cusco,Cusco,URL indexada (GSC),cusco,Church of Andahuaylillas,Andahuaylillas Church,10,1784,0.00560538116591928,8.99,90,3374,2025-12-30,2026-04-14,publish
"International Women’s Day: Celebrate, Inspire, and Treat Yourself with Meaningful Experiences",https://www.perugrandtravel.com/blog/international-womens-day/,https://www.perugrandtravel.com/blog/peru/international-womens-day/,international-womens-day,Perú,URL indexada (GSC),peru,International Women’s,International Women’s Day,10,678,0.0147492625368732,7.27,89,2771,2026-02-03,2026-02-03,publish
Luxury Hotels in Aguas Calientes Peru: Where Your Machu Picchu Experience Truly Begins,https://www.perugrandtravel.com/blog/luxury-hotels-in-aguas-calientes/,https://www.perugrandtravel.com/blog/cusco/luxury-hotels-in-aguas-calientes/,luxury-hotels-in-aguas-calientes,Cusco,URL indexada (GSC),cusco,Luxury Hotels in Aguas Calientes,"Aguas Calientes, luxury",10,5272,0.00189681335356601,13.51,84,1556,2026-02-18,2026-02-18,publish
Rainbow Mountain Vinicunca vs Palccoyo: 7 Crucial Differences for Your Epic Adventure in 2026,https://www.perugrandtravel.com/blog/vinicunca-vs-palccoyo/,https://www.perugrandtravel.com/blog/cusco/vinicunca-vs-palccoyo/,vinicunca-vs-palccoyo,Cusco,URL indexada (GSC),cusco,Vinicunca vs Palccoyo,,10,1332,0.00750750750750751,9.6,85,2264,2026-03-04,2026-03-04,publish
Things to Do in Iquitos: A Strategic Guide to Experiencing the Peruvian Amazon Beyond Tourism,https://www.perugrandtravel.com/blog/things-to-do-in-iquitos/,https://www.perugrandtravel.com/blog/peru/things-to-do-in-iquitos/,things-to-do-in-iquitos,Perú,URL indexada (GSC),peru,Things to Do in Iquitos,What to do in Iquitos,10,3274,0.0030543677458766,51.55,73,4076,2026-03-20,2026-03-20,publish
How to get to Arequipa: Discover the best routes,https://www.perugrandtravel.com/blog/how-to-get-to-arequipa/,https://www.perugrandtravel.com/blog/arequipa/how-to-get-to-arequipa/,how-to-get-to-arequipa,Arequipa,URL indexada (GSC),arequipa,How to get to Arequipa,,9,3512,0.0025626423690205,25.45,63,1473,2024-05-15,2024-12-10,publish
7 Essential Secrets to the Vendimia in Ica: When are Grapes Harvested for the Finest Spirits?,https://www.perugrandtravel.com/blog/when-are-grapes-harvested/,https://www.perugrandtravel.com/blog/peru/when-are-grapes-harvested/,when-are-grapes-harvested,Perú,URL indexada (GSC),peru,When are Grapes Harvested,,9,1030,0.0087378640776699,5.76,88,2014,2026-02-02,2026-02-02,publish
Machu Picchu Mountain: Everything You Need to Know to Climb,https://www.perugrandtravel.com/blog/machu-picchu-mountain/,https://www.perugrandtravel.com/blog/cusco/machu-picchu-mountain/,machu-picchu-mountain,Cusco,URL indexada (GSC),cusco,machu picchu mountain,,8,10479,0.000763431625155072,36.84,77,1162,2023-05-30,2026-04-27,publish
7 Museums to Visit in Lima: Discover the Cultural Heritage,https://www.perugrandtravel.com/blog/museums-in-lima/,https://www.perugrandtravel.com/blog/lima/museums-in-lima/,museums-in-lima,Lima,URL indexada (GSC),lima,lima,museums in lima,8,3757,0.00212935853074261,24.59,82,1758,2024-05-03,2024-09-30,publish
Inti Raymi: The Ultimate Guide to the Legendary Inca Festival of the Sun,https://www.perugrandtravel.com/blog/inti-raymi/,https://www.perugrandtravel.com/blog/cusco/inti-raymi/,inti-raymi,Cusco,URL indexada (GSC),cusco,inti raymi,,8,3532,0.00226500566251416,36.04,90,1256,2025-04-03,2026-05-27,publish
"Spiritual Journey through the Temples and Cathedrals in Peru: Lima, Arequipa and Cusco",https://www.perugrandtravel.com/blog/temples-and-cathedrals-in-peru/,https://www.perugrandtravel.com/blog/peru/temples-and-cathedrals-in-peru/,temples-and-cathedrals-in-peru,Perú,URL indexada (GSC),peru,Temples and Cathedrals in Peru,,8,2929,0.00273130761351997,13.08,83,1449,2025-10-06,2025-10-11,publish
The Inca Trail 2 Days: The Perfect Short Adventure to Machu Picchu,https://www.perugrandtravel.com/blog/inca-trail-2-days/,https://www.perugrandtravel.com/blog/cusco/inca-trail-2-days/,inca-trail-2-days,Cusco,URL indexada (GSC),cusco,Inca Trail 2 Days,,8,2094,0.00382043935052531,51.14,91,1918,2025-12-17,2025-12-17,publish
7 Secrets of the Andean Baroque Tour: An Exquisite Journey through Gold and Soul,https://www.perugrandtravel.com/blog/andean-baroque-tour-cusco/,https://www.perugrandtravel.com/blog/cusco/andean-baroque-tour-cusco/,andean-baroque-tour-cusco,Cusco,URL indexada (GSC),cusco,Andean Baroque Tour,,8,2066,0.00387221684414327,9.2,92,2108,2026-01-22,2026-01-21,publish
Fun Things to Do in Ica Peru,https://www.perugrandtravel.com/blog/fun-things-to-do-in-ica-peru/,https://www.perugrandtravel.com/blog/ica/fun-things-to-do-in-ica-peru/,fun-things-to-do-in-ica-peru,Ica,URL indexada (GSC),ica,Fun Things to Do in Ica,,8,1237,0.00646725949878739,9.43,84,2983,2026-02-04,2026-02-04,publish
10 Rural Tourism in Peru: The Ultimate Guide to an Unforgettable and Authentic Journey,https://www.perugrandtravel.com/blog/experience-rural-tourism-in-peru/,https://www.perugrandtravel.com/blog/peru/experience-rural-tourism-in-peru/,experience-rural-tourism-in-peru,Perú,URL indexada (GSC),peru,Rural Tourism in Peru,,8,909,0.0088008800880088,15.77,93,3254,2026-04-07,2026-04-07,publish
Machu Picchu Circuit 2 vs. Circuit 3: 5 Critical Differences You Must Know for 2026,https://www.perugrandtravel.com/blog/machu-picchu-circuit-2-vs-circuit-3/,https://www.perugrandtravel.com/blog/cusco/machu-picchu-circuit-2-vs-circuit-3/,machu-picchu-circuit-2-vs-circuit-3,Cusco,URL indexada (GSC),cusco,Machu Picchu Circuit 2 vs. Circuit 3,,8,789,0.0101394169835235,10.26,80,1558,2026-05-14,2026-06-04,publish
Main Festivities in Cusco You Can't Miss,https://www.perugrandtravel.com/blog/main-festivities-in-cusco-you-cant-miss/,https://www.perugrandtravel.com/blog/cusco/main-festivities-in-cusco-you-cant-miss/,main-festivities-in-cusco-you-cant-miss,Cusco,URL indexada (GSC),cusco,festivities in cusco,,7,2973,0.00235452404978137,25.92,82,2269,2024-05-13,2026-05-26,publish
The Best Restaurants in Arequipa: Delight in the Southern Gastronomy,https://www.perugrandtravel.com/blog/restaurants-in-arequipa/,https://www.perugrandtravel.com/blog/arequipa/restaurants-in-arequipa/,restaurants-in-arequipa,Arequipa,URL indexada (GSC),arequipa,Restaurants in Arequipa,,7,1294,0.00540958268933539,32.08,64,1129,2024-05-30,2024-12-10,publish
Family Tourism in Puerto Maldonado,https://www.perugrandtravel.com/blog/family-tourism-puerto-maldonado/,https://www.perugrandtravel.com/blog/puerto-maldonado/family-tourism-puerto-maldonado/,family-tourism-puerto-maldonado,Puerto Maldonado,URL indexada (GSC),"amazonia, puerto-maldonado",tourism in Puerto Maldonado,,7,995,0.00703517587939699,12.2,60,1267,2024-07-29,2024-07-31,publish
Waqrapukara: The hidden sanctuary of the ancient Incan wise men,https://www.perugrandtravel.com/blog/waqrapukara/,https://www.perugrandtravel.com/blog/cusco/waqrapukara/,waqrapukara,Cusco,URL indexada (GSC),cusco,waqrapukara,,7,2604,0.00268817204301075,15.44,78,1633,2024-09-26,2024-09-28,publish
What to Do in Puno: 13 Amazing Experiences,https://www.perugrandtravel.com/blog/what-to-do-in-puno/,https://www.perugrandtravel.com/blog/puno/what-to-do-in-puno/,what-to-do-in-puno,Puno,URL indexada (GSC),puno,what to do in puno,,7,2499,0.00280112044817927,42.34,86,1882,2025-03-07,2025-12-04,publish
The 5 Best Viewpoints Cusco for Your Photos,https://www.perugrandtravel.com/blog/top-5-viewpoints-cusco/,https://www.perugrandtravel.com/blog/cusco/top-5-viewpoints-cusco/,top-5-viewpoints-cusco,Cusco,URL indexada (GSC),cusco,viewpoints cusco,view points cusco,7,698,0.0100286532951289,14.02,87,1053,2025-06-26,2025-06-26,publish
The ultimate Inca Trail to Machu Picchu Guide 2026,https://www.perugrandtravel.com/blog/inca-trail-to-machu-picchu-guide-2026/,https://www.perugrandtravel.com/blog/cusco/inca-trail-to-machu-picchu-guide-2026/,inca-trail-to-machu-picchu-guide-2026,Cusco,URL indexada (GSC),cusco,Inca Trail,,7,4881,0.00143413234992829,17.3,90,2982,2025-12-12,2025-12-13,publish
"Discover Pomata, Puno: The Philosophical Balcony of the Altiplano and its Colonial Secrets",https://www.perugrandtravel.com/blog/discover-pomata-puno-peru/,https://www.perugrandtravel.com/blog/puno/discover-pomata-puno-peru/,discover-pomata-puno-peru,Puno,URL indexada (GSC),puno,Pomata,,7,610,0.0114754098360656,7.82,90,2128,2026-01-26,2026-01-22,publish
Hotels in Puno Peru: Where to Stay Near Lake Titicaca,https://www.perugrandtravel.com/blog/hotels-in-puno-peru/,https://www.perugrandtravel.com/blog/puno/hotels-in-puno-peru/,hotels-in-puno-peru,Puno,URL indexada (GSC),puno,Hotels in Puno Peru,Hotels in Puno,7,1453,0.00481761871988988,19.91,82,4334,2026-01-24,2026-01-24,publish
12 Ultimate Family Packages to Peru: The Definitive Guide for an Unforgettable Luxury Journey,https://www.perugrandtravel.com/blog/family-packages-to-peru/,https://www.perugrandtravel.com/blog/peru/family-packages-to-peru/,family-packages-to-peru,Perú,URL indexada (GSC),peru,Family Packages to Peru,,7,2347,0.00298253089049851,29.23,88,1973,2026-02-19,2026-03-12,publish
Museums in Puno: the must-visit museums on Lake Titicaca,https://www.perugrandtravel.com/blog/popular-museums-in-puno/,https://www.perugrandtravel.com/blog/puno/popular-museums-in-puno/,popular-museums-in-puno,Puno,URL indexada (GSC),puno,Museums in Puno,"Museum of Puno, Museum Ship",7,945,0.00740740740740741,7.31,83,2246,2026-02-25,2026-02-25,publish
When to Travel to Peru in 2026? The Definitive Guide and Local Secrets for a Transformative Experience,https://www.perugrandtravel.com/blog/when-to-travel-to-peru/,https://www.perugrandtravel.com/blog/peru/when-to-travel-to-peru/,when-to-travel-to-peru,Perú,URL indexada (GSC),peru,When to Travel to Peru,,7,1719,0.00407213496218732,10.04,89,2652,2026-03-10,2026-03-09,publish
Which half day tour in Lima is worth it?,https://www.perugrandtravel.com/blog/half-day-tour-in-lima/,https://www.perugrandtravel.com/blog/lima/half-day-tour-in-lima/,half-day-tour-in-lima,Lima,URL indexada (GSC),lima,half day tour in Lima,"half day tours in Lima, half-day tours in Lima, half-day tour in Lima",7,403,0.0173697270471464,9.88,84,4942,2026-03-18,2026-03-18,publish
8 Best Places for Food in Machu Picchu: A VIP Guide,https://www.perugrandtravel.com/blog/food-in-machu-picchu/,https://www.perugrandtravel.com/blog/cusco/food-in-machu-picchu/,food-in-machu-picchu,Cusco,URL indexada (GSC),cusco,Food in Machu Picchu,,7,627,0.0111642743221691,12.78,87,2067,2026-04-08,2026-04-08,publish
The Quelccaya Glacier: 7 Secrets to Trekking the World's Largest Tropical Ice Cap,https://www.perugrandtravel.com/blog/quelccaya-glacier/,https://www.perugrandtravel.com/blog/peru/quelccaya-glacier/,quelccaya-glacier,Perú,URL indexada (GSC),peru,Quelccaya Glacier,,7,521,0.0134357005758157,10.63,87,1605,2026-04-13,2026-04-13,publish
Trains to Machu Picchu: Everything You Need to Know,https://www.perugrandtravel.com/blog/trains-to-machu-picchu/,https://www.perugrandtravel.com/blog/cusco/trains-to-machu-picchu/,trains-to-machu-picchu,Cusco,URL indexada (GSC),cusco,trains to machu picchu,,6,11143,0.000538454635196985,52.63,82,1399,2023-05-24,2026-03-04,publish
Choquequirao How to Get There: The Hidden Jewel of the Andes,https://www.perugrandtravel.com/blog/choquequirao-how-to-get-there/,https://www.perugrandtravel.com/blog/cusco/choquequirao-how-to-get-there/,choquequirao-how-to-get-there,Cusco,URL indexada (GSC),cusco,choquequirao,choquequirao how to get there,6,802,0.00748129675810474,25.93,86,2042,2023-09-29,2024-09-30,publish
Holy Week in Cusco Peru: Everything you need to know,https://www.perugrandtravel.com/blog/holy-week-in-cusco/,https://www.perugrandtravel.com/blog/cusco/holy-week-in-cusco/,holy-week-in-cusco,Cusco,URL indexada (GSC),cusco,Holy Week in Cusco,,6,1669,0.00359496704613541,23.67,74,1063,2023-11-14,2024-09-28,publish
Birdwatching in Machu Picchu: Discover the Natural Beauty of the Andes,https://www.perugrandtravel.com/blog/birdwatching-in-machu-picchu/,https://www.perugrandtravel.com/blog/cusco/birdwatching-in-machu-picchu/,birdwatching-in-machu-picchu,Cusco,URL indexada (GSC),cusco,birds in machupicchu,,6,1188,0.00505050505050505,9.56,24,1413,2024-08-13,2024-08-13,publish
What to See in Lima and Cusco in 9 Days: Complete guide for an unforgettable Trip,https://www.perugrandtravel.com/blog/what-to-see-in-lima-and-cusco-in-9-days-complete-guide-for-an-unforgettable-trip/,https://www.perugrandtravel.com/blog/cusco/what-to-see-in-lima-and-cusco-in-9-days-complete-guide-for-an-unforgettable-trip/,what-to-see-in-lima-and-cusco-in-9-days-complete-guide-for-an-unforgettable-trip,Cusco,URL indexada (GSC),"cusco, lima",Lima and Cusco,,6,1674,0.003584229390681,28.59,74,2044,2024-10-31,2024-11-01,publish
¿How to Have a Perfect Picnic with Llamas?,https://www.perugrandtravel.com/blog/how-to-have-a-perfect-picnic-with-llamas/,https://www.perugrandtravel.com/blog/cusco/how-to-have-a-perfect-picnic-with-llamas/,how-to-have-a-perfect-picnic-with-llamas,Cusco,URL indexada (GSC),cusco,How to Have a Perfect Picnic,,6,676,0.00887573964497041,14.08,65,1505,2024-11-13,2024-11-15,publish
Things to Do in Lake Titicaca: Top Attractions &amp; Experiences,https://www.perugrandtravel.com/blog/things-to-do-in-lake-titicaca/,https://www.perugrandtravel.com/blog/puno/things-to-do-in-lake-titicaca/,things-to-do-in-lake-titicaca,Puno,URL indexada (GSC),puno,Things to Do in Lake Titicaca,,6,6150,0.000975609756097561,21.29,88,4093,2025-12-04,2025-12-04,publish
Inca Uyo: Unveiling the Sacred Fertility Temple in Chucuito,https://www.perugrandtravel.com/blog/inca-uyo-peru/,https://www.perugrandtravel.com/blog/puno/inca-uyo-peru/,inca-uyo-peru,Puno,URL indexada (GSC),puno,Inca Uyo,,6,1008,0.00595238095238095,7.22,89,1523,2026-02-06,2026-02-05,publish
How Many Days to Stay in Peru in 2026? A Guide to the Perfect Trip,https://www.perugrandtravel.com/blog/how-many-days-to-stay-in-peru/,https://www.perugrandtravel.com/blog/peru/how-many-days-to-stay-in-peru/,how-many-days-to-stay-in-peru,Perú,URL indexada (GSC),peru,how many days to stay in Peru,,6,1052,0.00570342205323194,9.75,88,1664,2026-03-09,2026-03-09,publish
Peru in April: 5 Exclusive Secrets to Exploring the Inca Empire in the Greenest Month,https://www.perugrandtravel.com/blog/peru-in-april/,https://www.perugrandtravel.com/blog/peru/peru-in-april/,peru-in-april,Perú,URL indexada (GSC),peru,Peru in April,,6,721,0.00832177531206657,6.58,87,1986,2026-03-12,2026-03-12,publish
Peruvian Food: The Ultimate Guide to the 15 Gastronomic Wonders That Will Conquer Your Palate,https://www.perugrandtravel.com/blog/peruvian-food/,https://www.perugrandtravel.com/blog/peru/peruvian-food/,peruvian-food,Perú,URL indexada (GSC),peru,Peruvian Food,,6,10233,0.00058633831720903,46.65,90,2885,2026-03-18,2026-03-18,publish
3 Exquisite Textile Museums in Cusco: Weaving the Soul of the Andes,https://www.perugrandtravel.com/blog/textile-museums-in-cusco/,https://www.perugrandtravel.com/blog/cusco/textile-museums-in-cusco/,textile-museums-in-cusco,Cusco,URL indexada (GSC),cusco,Textile Museums in Cusco,,6,156,0.0384615384615385,8.36,86,1323,2026-05-12,2026-05-12,publish
The Inti Raymi Festival 2024: Everything You Need to Know,https://www.perugrandtravel.com/blog/inti-raymi-festival/,https://www.perugrandtravel.com/blog/cusco/inti-raymi-festival/,inti-raymi-festival,Cusco,URL indexada (GSC),cusco,Inti Raymi Festival,,5,3302,0.00151423379769837,24.74,68,1181,2023-11-14,2026-05-27,publish
Best Options for Discovering Peru in 10 Days: An unforgettable journey,https://www.perugrandtravel.com/blog/options-for-discovering-peru-in-10-days/,https://www.perugrandtravel.com/blog/cusco/options-for-discovering-peru-in-10-days/,options-for-discovering-peru-in-10-days,Cusco,URL indexada (GSC),"cusco, lima, paracas, puno",peru in 10 days,,5,3652,0.00136911281489595,36.46,66,1656,2024-09-12,2024-12-10,publish
Cusco for Luxury Travelers: An Exclusive Experience in the Capital of the Incas,https://www.perugrandtravel.com/blog/cusco-luxury/,https://www.perugrandtravel.com/blog/cusco/cusco-luxury/,cusco-luxury,Cusco,URL indexada (GSC),cusco,cusco-luxury,,5,1104,0.00452898550724638,22.86,28,916,2024-09-25,2024-09-30,publish
4 Days on the Inca Trail: A journey you'll never forget,https://www.perugrandtravel.com/blog/4-days-on-the-inca-trail/,https://www.perugrandtravel.com/blog/cusco/4-days-on-the-inca-trail/,4-days-on-the-inca-trail,Cusco,URL indexada (GSC),cusco,Inca Trail:,,5,1708,0.00292740046838408,16.85,76,1554,2024-11-20,2024-11-21,publish
9 incredible Places to Visit at the Best Time to Visit Peru,https://www.perugrandtravel.com/blog/the-best-time-to-visit-peru/,https://www.perugrandtravel.com/blog/peru/the-best-time-to-visit-peru/,the-best-time-to-visit-peru,Perú,URL indexada (GSC),peru,best time to visit peru,best time,5,4112,0.001215953307393,50.37,90,1305,2025-01-30,2025-01-30,publish
Train from Cusco to Machu Picchu: The Ultimate Travel Experience,https://www.perugrandtravel.com/blog/train-from-cusco-to-machu-picchu/,https://www.perugrandtravel.com/blog/cusco/train-from-cusco-to-machu-picchu/,train-from-cusco-to-machu-picchu,Cusco,URL indexada (GSC),cusco,train from cusco to machu picchu,,5,8256,0.00060562015503876,41.67,86,1834,2025-03-17,2025-05-30,publish
Explore the Best Hotels in Tambopata and Their Activities,https://www.perugrandtravel.com/blog/hotels-in-tambopata/,https://www.perugrandtravel.com/blog/amazonia/hotels-in-tambopata/,hotels-in-tambopata,Amazonia,URL indexada (GSC),amazonia,tambopata,,5,857,0.0058343057176196,32.02,90,1219,2025-05-03,2025-05-30,publish
Travel to Colca Canyon: A Unique Adventure You Won't Forget,https://www.perugrandtravel.com/blog/colca-canyon/,https://www.perugrandtravel.com/blog/peru/colca-canyon/,colca-canyon,Perú,URL indexada (GSC),peru,colca canyon,,5,7743,0.000645744543458608,24.37,89,907,2025-05-15,2025-05-30,publish
Visit Machu Picchu 2025: Answering This Big Question,https://www.perugrandtravel.com/blog/visit-machu-picchu/,https://www.perugrandtravel.com/blog/cusco/visit-machu-picchu/,visit-machu-picchu,Cusco,URL indexada (GSC),cusco,visit Machu Picchu,,5,3933,0.00127129417747267,41.02,86,960,2025-07-04,2025-07-04,publish
Ready for an unforgettable vacation in Peru?,https://www.perugrandtravel.com/blog/vacation-in-peru/,https://www.perugrandtravel.com/blog/peru/vacation-in-peru/,vacation-in-peru,Perú,URL indexada (GSC),peru,vacation in peru,,5,9076,0.000550903481710004,52.48,83,1495,2025-07-26,2025-07-26,publish
Cathedrals of Peru: The Complete Regional Guide,https://www.perugrandtravel.com/blog/cathedrals-of-peru/,https://www.perugrandtravel.com/blog/peru/cathedrals-of-peru/,cathedrals-of-peru,Perú,URL indexada (GSC),peru,Cathedrals of Peru,"cathedrals in peru, peru cathedral, cathedral in peru, cathedral",5,2789,0.00179275726066691,8.23,91,3569,2026-01-09,2026-01-09,publish
Things to Do in Sacred Valley: 15 Power Experiences,https://www.perugrandtravel.com/blog/things-to-do-in-sacred-valley/,https://www.perugrandtravel.com/blog/cusco/things-to-do-in-sacred-valley/,things-to-do-in-sacred-valley,Cusco,URL indexada (GSC),cusco,Things to Do in Sacred Valley,,5,1763,0.00283607487237663,29.8,90,2649,2026-02-25,2026-02-24,publish
5 Traditional Peruvian Dishes You Have to Try,https://www.perugrandtravel.com/blog/traditional-peruvian-dishes/,https://www.perugrandtravel.com/blog/lima/traditional-peruvian-dishes/,traditional-peruvian-dishes,Lima,URL indexada (GSC),"cusco, lima",traditional peruvian dishes,,4,3996,0.001001001001001,46.33,61,424,2023-11-27,2024-09-30,publish
Aguas Calientes: Discover the Beautiful Machu Picchu Town,https://www.perugrandtravel.com/blog/machu-picchu-town/,https://www.perugrandtravel.com/blog/cusco/machu-picchu-town/,machu-picchu-town,Cusco,URL indexada (GSC),cusco,machu picchu town,,4,2078,0.00192492781520693,22.07,90,1726,2025-03-14,2025-05-30,publish
The 10 Best Things to See in Lima for an Incredible Trip,https://www.perugrandtravel.com/blog/best-things-to-see-in-lima/,https://www.perugrandtravel.com/blog/lima/best-things-to-see-in-lima/,best-things-to-see-in-lima,Lima,URL indexada (GSC),lima,best things to see in lima,,4,4728,0.000846023688663283,39.85,85,1131,2025-08-08,2025-08-08,publish
Destinations and Unique Experiences on a Luxury Trip to Peru,https://www.perugrandtravel.com/blog/luxury-trip-to-peru/,https://www.perugrandtravel.com/blog/luxury/luxury-trip-to-peru/,luxury-trip-to-peru,Luxury,URL indexada (GSC),"luxury, peru",luxury trip to peru,,4,1207,0.00331400165700083,60.47,81,1325,2025-08-21,2025-08-26,publish
"Machu Picchu Tours from Cusco: Best Routes, Prices, Itineraries &amp; Travel Tips 2026",https://www.perugrandtravel.com/blog/machu-picchu-tours-from-cusco/,https://www.perugrandtravel.com/blog/cusco/machu-picchu-tours-from-cusco/,machu-picchu-tours-from-cusco,Cusco,URL indexada (GSC),cusco,Machu Picchu Tours from Cusco,,4,7850,0.000509554140127389,48.48,90,6703,2025-12-15,2025-12-26,publish
Half-Day Tours in Peru: The Best Short Experiences for Your Trip,https://www.perugrandtravel.com/blog/half-day-tours-in-peru/,https://www.perugrandtravel.com/blog/peru/half-day-tours-in-peru/,half-day-tours-in-peru,Perú,URL indexada (GSC),peru,Half-Day Tours in Peru,,4,310,0.0129032258064516,11.39,90,2661,2026-01-30,2026-01-30,publish
Lares Trek vs Ausangate Trek: 7 Crucial Differences to Choose Your Luxury Adventure in 2026,https://www.perugrandtravel.com/blog/lares-trek-vs-ausangate-trek/,https://www.perugrandtravel.com/blog/cusco/lares-trek-vs-ausangate-trek/,lares-trek-vs-ausangate-trek,Cusco,URL indexada (GSC),cusco,Lares Trek vs Ausangate Trek,,4,2005,0.00199501246882793,5.77,90,2638,2026-03-03,2026-03-03,publish
Santa Cruz Trek Huaraz: 5 Secrets for the Ultimate 2026 Andean Hike,https://www.perugrandtravel.com/blog/santa-cruz-trek/,https://www.perugrandtravel.com/blog/huaraz/santa-cruz-trek/,santa-cruz-trek,Huaraz,URL indexada (GSC),huaraz,Santa Cruz Trek,,4,418,0.00956937799043062,11.29,90,2264,2026-04-17,2026-04-14,publish
Labor Day Travel to Peru: 5 Incredible Ideas for Your 2026 Holiday,https://www.perugrandtravel.com/blog/labor-day-travel-to-peru/,https://www.perugrandtravel.com/blog/peru/labor-day-travel-to-peru/,labor-day-travel-to-peru,Perú,URL indexada (GSC),peru,Labor Day Travel to Peru,,4,447,0.00894854586129754,7.98,83,1407,2026-04-22,2026-04-21,publish
The 7 best Puno tourist attractions: What to See and Visit,https://www.perugrandtravel.com/blog/puno-tourist-attractions/,https://www.perugrandtravel.com/blog/puno/puno-tourist-attractions/,puno-tourist-attractions,Puno,URL indexada (GSC),puno,Puno tourist attractions,,3,990,0.00303030303030303,27.37,76,1246,2023-10-09,2024-09-30,publish
Frequently Asked Questions about the Inca Trail to Machu Picchu,https://www.perugrandtravel.com/blog/inca-trail-faq/,https://www.perugrandtravel.com/blog/cusco/inca-trail-faq/,inca-trail-faq,Cusco,URL indexada (GSC),cusco,inca trail,,3,1371,0.00218818380743983,37.43,70,1934,2023-10-21,2024-09-28,publish
The 5 Best Food in Lima Peru You Must Try,https://www.perugrandtravel.com/blog/best-food-in-lima/,https://www.perugrandtravel.com/blog/lima/best-food-in-lima/,best-food-in-lima,Lima,URL indexada (GSC),lima,best food in lima Peru,,3,3589,0.000835887433825578,32.74,58,1008,2023-11-28,2024-09-30,publish
Tourist Places in Lima: Discover the treasures of the Peruvian Capital,https://www.perugrandtravel.com/blog/tourist-places-in-lima/,https://www.perugrandtravel.com/blog/lima/tourist-places-in-lima/,tourist-places-in-lima,Lima,URL indexada (GSC),lima,tourist places,tourist places in Lima,3,5612,0.000534568781183179,38.65,67,1939,2024-04-22,2024-09-30,publish
"Frequently Asked Questions about the New Machu Picchu Circuits Starting June 1, 2024",https://www.perugrandtravel.com/blog/frequently-asked-questions-machupicchu-circuits/,https://www.perugrandtravel.com/blog/cusco/frequently-asked-questions-machupicchu-circuits/,frequently-asked-questions-machupicchu-circuits,Cusco,URL indexada (GSC),cusco,frequently asked questions machupicchu circuits,,3,3000,0.001,27.56,24,1608,2024-05-24,2024-09-28,publish
Family Tourism in Puno: Adventure and Fun for Everyone,https://www.perugrandtravel.com/blog/family-tourism-in-puno/,https://www.perugrandtravel.com/blog/puno/family-tourism-in-puno/,family-tourism-in-puno,Puno,URL indexada (GSC),puno,Tourism in Puno,,3,1181,0.00254022015241321,27.06,68,1198,2024-08-15,2024-08-15,publish
Sacred Valley: Connection to Machu Picchu in 2 days,https://www.perugrandtravel.com/blog/sacred-valley-and-machu-picchu-in-2-days/,https://www.perugrandtravel.com/blog/cusco/sacred-valley-and-machu-picchu-in-2-days/,sacred-valley-and-machu-picchu-in-2-days,Cusco,URL indexada (GSC),cusco,sacred valley and machu picchu,sacred valley,3,458,0.00655021834061135,42.36,87,1505,2024-10-16,2026-04-11,publish
Discover the Wonders of the Andean Mountains: An epic 11 day adventure of exploration and challenges,https://www.perugrandtravel.com/blog/discover-the-wonders-of-the-andean-mountains-an-epic-11-day-adventure/,https://www.perugrandtravel.com/blog/cusco/discover-the-wonders-of-the-andean-mountains-an-epic-11-day-adventure/,discover-the-wonders-of-the-andean-mountains-an-epic-11-day-adventure,Cusco,URL indexada (GSC),"cusco, lima, paracas, peru",Andean Mountains:,,3,1394,0.00215208034433286,13.46,68,2252,2024-11-21,2024-11-26,publish
The best time to visit Machu Picchu,https://www.perugrandtravel.com/blog/best-time-to-visit-machu-picchu/,https://www.perugrandtravel.com/blog/cusco/best-time-to-visit-machu-picchu/,best-time-to-visit-machu-picchu,Cusco,URL indexada (GSC),cusco,best time to visit Machu Picchu,,3,11615,0.000258286698235041,53.3,87,2121,2025-01-13,2025-01-30,publish
The Cusco and the sacred valley of the incas,https://www.perugrandtravel.com/blog/cusco-and-the-sacred-valley-of-the-incas/,https://www.perugrandtravel.com/blog/cusco/cusco-and-the-sacred-valley-of-the-incas/,cusco-and-the-sacred-valley-of-the-incas,Cusco,URL indexada (GSC),cusco,cusco and the sacred valley of the incas,,3,6338,0.000473335437046387,40.95,81,1706,2025-01-30,2025-01-30,publish
Planning a 7 day trip to Peru? Here is what you must know,https://www.perugrandtravel.com/blog/7-day-trip-to-peru/,https://www.perugrandtravel.com/blog/peru/7-day-trip-to-peru/,7-day-trip-to-peru,Perú,URL indexada (GSC),peru,7 day trip to peru,,3,3966,0.00075642965204236,72.2,85,998,2025-07-21,2025-07-21,publish
How to Live the Experience with Machu Picchu Luxury Tours,https://www.perugrandtravel.com/blog/machu-picchu-luxury-tours/,https://www.perugrandtravel.com/blog/luxury/machu-picchu-luxury-tours/,machu-picchu-luxury-tours,Luxury,URL indexada (GSC),luxury,machu picchu luxury tours,,3,2393,0.00125365649811952,60.95,80,929,2025-08-01,2025-08-08,publish
Luxury Hotel Paracas: A Perfect Destination for You,https://www.perugrandtravel.com/blog/luxury-hotel-paracas/,https://www.perugrandtravel.com/blog/luxury/luxury-hotel-paracas/,luxury-hotel-paracas,Luxury,URL indexada (GSC),luxury,luxury hotel paracas,,3,3664,0.000818777292576419,40.5,80,637,2025-08-13,2025-08-13,publish
6 Best Treks to Machu Picchu: Which Route Fits Your Spirit?,https://www.perugrandtravel.com/blog/treks-to-machu-picchu-2026/,https://www.perugrandtravel.com/blog/cusco/treks-to-machu-picchu-2026/,treks-to-machu-picchu-2026,Cusco,URL indexada (GSC),cusco,Treks to Machu Picchu,,3,1589,0.00188797986154814,33.92,90,2267,2025-12-22,2025-12-22,publish
Pino Park in Puno: A Peaceful Green Escape Near Lake Titicaca,https://www.perugrandtravel.com/blog/pino-park-in-puno-peru/,https://www.perugrandtravel.com/blog/puno/pino-park-in-puno-peru/,pino-park-in-puno-peru,Puno,URL indexada (GSC),puno,Pino Park in Puno,,3,484,0.00619834710743802,7.74,83,1792,2026-01-21,2026-01-21,publish
"Pukara Lithic Museum: Art, Stone, and Sacred Legacy of the Ancient Andes",https://www.perugrandtravel.com/blog/pukara-lithic-museum-in-peru/,https://www.perugrandtravel.com/blog/puno/pukara-lithic-museum-in-peru/,pukara-lithic-museum-in-peru,Puno,URL indexada (GSC),puno,Pukara Lithic Museum,,3,1124,0.00266903914590747,8.2,86,2218,2026-01-26,2026-03-09,publish
Peru Packages 2026: The Definitive Guide to Choosing the Journey of a Lifetime,https://www.perugrandtravel.com/blog/peru-packages/,https://www.perugrandtravel.com/blog/peru/peru-packages/,peru-packages,Perú,URL indexada (GSC),peru,Peru Packages,,3,669,0.00448430493273543,28.25,86,3119,2026-03-14,2026-03-13,publish
7 Exclusive Tips to Find the Cheapest Time to Visit Peru and Experience the Luxury You Deserve,https://www.perugrandtravel.com/blog/cheapest-time-to-visit-peru/,https://www.perugrandtravel.com/blog/peru/cheapest-time-to-visit-peru/,cheapest-time-to-visit-peru,Perú,URL indexada (GSC),peru,Cheapest Time to Visit Peru,,3,2037,0.00147275405007364,8.18,87,2324,2026-03-23,2026-03-23,publish
Food Tours in Peru 2026: The Top 7 Gastronomic Experiences,https://www.perugrandtravel.com/blog/food-tours-in-peru/,https://www.perugrandtravel.com/blog/peru/food-tours-in-peru/,food-tours-in-peru,Perú,URL indexada (GSC),peru,food tours in peru,,3,766,0.00391644908616188,20.32,87,2795,2026-03-30,2026-04-14,publish
The Best Experiential Destinations in Peru to Connect with Local Communities,https://www.perugrandtravel.com/blog/experiential-destinations-in-peru/,https://www.perugrandtravel.com/blog/peru/experiential-destinations-in-peru/,experiential-destinations-in-peru,Perú,URL indexada (GSC),peru,Experiential Destinations in Peru,,3,67,0.0447761194029851,17.93,85,3249,2026-04-27,2026-04-27,publish
The 10 Best Hotels In The Sacred Valley - 2026,https://www.perugrandtravel.com/blog/best-hotels-in-the-sacred-valley/,https://www.perugrandtravel.com/blog/cusco/best-hotels-in-the-sacred-valley/,best-hotels-in-the-sacred-valley,Cusco,URL indexada (GSC),cusco,Best Hotels in the Sacred Valley,"Sacred Valley hotels, where to stay in Sacred Valley Peru, best places to stay in Sacred Valley, luxury hotels Sacred Valley Peru",3,387,0.00775193798449612,45.86,85,3458,2026-06-12,2026-06-13,publish
Complete guide to climb Huayna Picchu Mountain,https://www.perugrandtravel.com/blog/huayna-picchu-mountain/,https://www.perugrandtravel.com/blog/cusco/huayna-picchu-mountain/,huayna-picchu-mountain,Cusco,URL indexada (GSC),cusco,huayna picchu mountain,,2,6131,0.000326211058554885,35.2,75,1171,2023-05-12,2024-09-28,publish
When is the best time to do the Inca Trail?,https://www.perugrandtravel.com/blog/best-time-to-do-the-inca-trail/,https://www.perugrandtravel.com/blog/cusco/best-time-to-do-the-inca-trail/,best-time-to-do-the-inca-trail,Cusco,URL indexada (GSC),cusco,best time to do the Inca Trail,,2,5033,0.000397377309755613,69.06,74,1784,2023-05-30,2024-09-28,publish
"Humantay Lagoon Cusco: Altitude, Origin, Recommendations",https://www.perugrandtravel.com/blog/laguna-humantay-cusco/,https://www.perugrandtravel.com/blog/cusco/laguna-humantay-cusco/,laguna-humantay-cusco,Cusco,URL indexada (GSC),cusco,Humantay,Lake Humantay,2,2531,0.000790201501382853,29.32,78,1265,2023-07-24,2024-09-28,publish
5 Tips for Doing the Salkantay Trek and Enjoying It Better,https://www.perugrandtravel.com/blog/tips-for-doing-the-salkantay-trek/,https://www.perugrandtravel.com/blog/cusco/tips-for-doing-the-salkantay-trek/,tips-for-doing-the-salkantay-trek,Cusco,URL indexada (GSC),cusco,Salkantay Trek,,2,496,0.00403225806451613,61.78,70,1015,2023-08-09,2024-09-28,publish
The Best Tourist Attractions in Lima: What to See and Visit,https://www.perugrandtravel.com/blog/lima-tourist-attractions/,https://www.perugrandtravel.com/blog/lima/lima-tourist-attractions/,lima-tourist-attractions,Lima,URL indexada (GSC),lima,Tourist Attractions in Lima,,2,2432,0.000822368421052632,53.71,67,678,2023-10-06,2024-09-30,publish
Travel Tips to Visit Rainbow Mountain in Peru,https://www.perugrandtravel.com/blog/tips-rainbow-mountain-peru/,https://www.perugrandtravel.com/blog/cusco/tips-rainbow-mountain-peru/,tips-rainbow-mountain-peru,Cusco,URL indexada (GSC),cusco,rainbow mountain,tips,2,795,0.00251572327044025,39.36,79,1189,2023-10-21,2024-09-28,publish
The 5 Best Food in Cusco You Must Try,https://www.perugrandtravel.com/blog/best-food-in-cusco/,https://www.perugrandtravel.com/blog/cusco/best-food-in-cusco/,best-food-in-cusco,Cusco,URL indexada (GSC),cusco,best food in Cusco,,2,416,0.00480769230769231,64.24,63,511,2023-12-05,2024-09-28,publish
What to see and do in Peru: Discover the best of this Fascinating Country,https://www.perugrandtravel.com/blog/what-to-see-in-peru/,https://www.perugrandtravel.com/blog/lima/what-to-see-in-peru/,what-to-see-in-peru,Lima,URL indexada (GSC),"cusco, lima",peru,,2,7736,0.000258531540847984,60.52,76,1874,2024-04-12,2024-09-30,publish
Discover Lima: What to see and do in the peruvian capital,https://www.perugrandtravel.com/blog/what-to-see-and-do-in-lima/,https://www.perugrandtravel.com/blog/lima/what-to-see-and-do-in-lima/,what-to-see-and-do-in-lima,Lima,URL indexada (GSC),lima,lima,what to do in lima,2,9643,0.000207404334750596,62.95,83,1328,2024-05-02,2024-09-30,publish
Discover the Irresistible Reasons to Visit Cusco,https://www.perugrandtravel.com/blog/discover-the-irresistible-reasons-to-visit-cusco/,https://www.perugrandtravel.com/blog/cusco/discover-the-irresistible-reasons-to-visit-cusco/,discover-the-irresistible-reasons-to-visit-cusco,Cusco,URL indexada (GSC),cusco,Reasons to Visit Cusco,,2,293,0.0068259385665529,19.7,66,1800,2024-05-10,2026-05-29,publish
Historic Center of Arequipa: Explore the Beauty,https://www.perugrandtravel.com/blog/historic-arequipa-center/,https://www.perugrandtravel.com/blog/arequipa/historic-arequipa-center/,historic-arequipa-center,Arequipa,URL indexada (GSC),arequipa,Arequipa Center,,2,3904,0.000512295081967213,11.28,65,1109,2024-05-17,2024-12-10,publish
Discover Machu Picchu with Family: An Unforgettable Adventure,https://www.perugrandtravel.com/blog/discover-machu-picchu-with-family/,https://www.perugrandtravel.com/blog/cusco/discover-machu-picchu-with-family/,discover-machu-picchu-with-family,Cusco,URL indexada (GSC),cusco,machu picchu with family,,2,544,0.00367647058823529,52.25,65,1146,2024-08-07,2024-08-07,publish
5 Photography Tips in Machu Picchu: Capture the Essence of the Inca Citadel with Unforgettable Images,https://www.perugrandtravel.com/blog/photography-tips-in-machu-picchu/,https://www.perugrandtravel.com/blog/cusco/photography-tips-in-machu-picchu/,photography-tips-in-machu-picchu,Cusco,URL indexada (GSC),cusco,Photography Tips in Machu Picchu,,2,621,0.00322061191626409,20.08,77,1306,2024-08-12,2026-04-21,publish
Cusco Travel Guide: Discover the Jewel of the Andes,https://www.perugrandtravel.com/blog/cusco-travel-guide/,https://www.perugrandtravel.com/blog/cusco/cusco-travel-guide/,cusco-travel-guide,Cusco,URL indexada (GSC),cusco,cusco travel guide,,2,248,0.00806451612903226,17.7,71,1504,2024-08-23,2024-08-22,publish
Best Tour to Discover Machu Picchu in 5 days,https://www.perugrandtravel.com/blog/machu-picchu-in-5-days/,https://www.perugrandtravel.com/blog/cusco/machu-picchu-in-5-days/,machu-picchu-in-5-days,Cusco,URL indexada (GSC),cusco,Discover Machu Picchu in 5 days,,2,1135,0.00176211453744493,10.89,63,1995,2024-09-03,2024-09-30,publish
Instagrammable Tourist spots in Cusco you can't miss,https://www.perugrandtravel.com/blog/instagrammable-tourist-spots-in-cusco/,https://www.perugrandtravel.com/blog/cusco/instagrammable-tourist-spots-in-cusco/,instagrammable-tourist-spots-in-cusco,Cusco,URL indexada (GSC),cusco,instagrammable places cusco,,2,244,0.00819672131147541,7.04,19,1286,2024-09-06,2024-09-06,publish
Luxury Machu Picchu In 10 Days: The Perfect Itinerary for Sophisticated Travelers,https://www.perugrandtravel.com/blog/luxury-machu-picchu-in-10-days/,https://www.perugrandtravel.com/blog/cusco/luxury-machu-picchu-in-10-days/,luxury-machu-picchu-in-10-days,Cusco,URL indexada (GSC),cusco,luxury machu picchu,,2,3804,0.000525762355415352,21.2,84,2121,2025-02-08,2025-02-18,publish
One Week in Peru: The Best Cusco Route with a Picnic in the Inca Land,https://www.perugrandtravel.com/blog/one-week-in-peru/,https://www.perugrandtravel.com/blog/peru/one-week-in-peru/,one-week-in-peru,Perú,URL indexada (GSC),"cusco, peru",One Week in Peru,,2,584,0.00342465753424658,19.29,86,1137,2025-02-18,2025-05-30,publish
Machu Picchu Mountain: Is It Worth Trekking?,https://www.perugrandtravel.com/blog/machu-picchu-mountain-peru/,https://www.perugrandtravel.com/blog/cusco/machu-picchu-mountain-peru/,machu-picchu-mountain-peru,Cusco,URL indexada (GSC),cusco,machu picchu mountain,,2,1657,0.0012070006035003,55.32,86,596,2025-05-10,2025-05-30,publish
6 perfect destinations for your honeymoon in Peru,https://www.perugrandtravel.com/blog/honeymoon-in-peru/,https://www.perugrandtravel.com/blog/peru/honeymoon-in-peru/,honeymoon-in-peru,Perú,URL indexada (GSC),peru,honeymoon in Peru,,2,3895,0.000513478818998716,53.01,88,1042,2025-05-26,2025-05-29,publish
How Do You Get from Cusco to Machu Picchu: Best Routes,https://www.perugrandtravel.com/blog/how-do-you-get-from-cusco-to-machu-picchu/,https://www.perugrandtravel.com/blog/cusco/how-do-you-get-from-cusco-to-machu-picchu/,how-do-you-get-from-cusco-to-machu-picchu,Cusco,URL indexada (GSC),cusco,how do you get from cusco to machu picchu,,2,4743,0.000421674045962471,36.19,79,1560,2025-06-27,2025-06-27,publish
Tourism in Peru – Best places and tips for travelers,https://www.perugrandtravel.com/blog/tourism-in-peru/,https://www.perugrandtravel.com/blog/peru/tourism-in-peru/,tourism-in-peru,Perú,URL indexada (GSC),peru,tourism in Peru,,2,1057,0.00189214758751183,35.54,84,1488,2025-08-15,2025-08-15,publish
"Carlos Dreyer Museum Puno: History, Archaeology, and Cultural Heritage of Lake Titicaca",https://www.perugrandtravel.com/blog/carlos-dreyer-museum-puno/,https://www.perugrandtravel.com/blog/puno/carlos-dreyer-museum-puno/,carlos-dreyer-museum-puno,Puno,URL indexada (GSC),puno,Carlos Dreyer Museum,Carlos Dreyer Museum Puno,2,714,0.00280112044817927,11.33,85,2160,2026-01-27,2026-04-20,publish
"San Juan Bautista Church Puno: History, Architecture, and Visitor Guide",https://www.perugrandtravel.com/blog/san-juan-bautista-church-puno/,https://www.perugrandtravel.com/blog/puno/san-juan-bautista-church-puno/,san-juan-bautista-church-puno,Puno,URL indexada (GSC),puno,San Juan Bautista Church,San Juan Bautista Church Puno,2,794,0.00251889168765743,11.27,85,2337,2026-01-28,2026-04-20,publish
Arequipa Half-Day Tours: The Best Short Experiences in the White City,https://www.perugrandtravel.com/blog/arequipa-half-day-tours/,https://www.perugrandtravel.com/blog/arequipa/arequipa-half-day-tours/,arequipa-half-day-tours,Arequipa,URL indexada (GSC),arequipa,Arequipa Half-Day Tours,,2,137,0.0145985401459854,10.89,88,2351,2026-02-02,2026-02-02,publish
"Best Restaurant in Peru: A Definitive Guide to Dining Across Culture, Territory, and Identity",https://www.perugrandtravel.com/blog/best-restaurant-in-peru/,https://www.perugrandtravel.com/blog/peru/best-restaurant-in-peru/,best-restaurant-in-peru,Perú,URL indexada (GSC),peru,Best Restaurant in Peru,Restaurant in Peru,2,549,0.00364298724954463,15.15,81,4871,2026-04-09,2026-04-14,publish
What You Should Know About Arequipa’s Altitude Before Traveling,https://www.perugrandtravel.com/blog/know-arequipas-altitude/,https://www.perugrandtravel.com/blog/arequipa/know-arequipas-altitude/,know-arequipas-altitude,Arequipa,URL indexada (GSC),arequipa,Arequipa’s Altitude,altitude,2,59,0.0338983050847458,10.73,85,2690,2026-04-28,2026-04-28,publish
7 Secrets of Trekking Laguna 69: The Turquoise Refuge of the Peruvian Andes,https://www.perugrandtravel.com/blog/laguna-69/,https://www.perugrandtravel.com/blog/huaraz/laguna-69/,laguna-69,Huaraz,URL indexada (GSC),huaraz,Laguna 69,,2,116,0.0172413793103448,8.25,89,1964,2026-05-04,2026-05-04,publish
7 Magical Secrets: Exploring the Seven Streets of Cusco in the Heart of the Andes,https://www.perugrandtravel.com/blog/seven-streets-of-cusco/,https://www.perugrandtravel.com/blog/cusco/seven-streets-of-cusco/,seven-streets-of-cusco,Cusco,URL indexada (GSC),cusco,Seven Streets of Cusco,,2,90,0.0222222222222222,12.69,90,1989,2026-05-06,2026-05-06,publish
7 Secrets of the Tipon Archaeological Site: The Inca Masterpiece of Water,https://www.perugrandtravel.com/blog/tipon-archaeological-site/,https://www.perugrandtravel.com/blog/cusco/tipon-archaeological-site/,tipon-archaeological-site,Cusco,URL indexada (GSC),cusco,Tipon Archaeological Site,,2,83,0.0240963855421687,23.06,89,2024,2026-05-20,2026-05-20,publish
Santurantikuy: The Traditional Christmas fair in Cusco,https://www.perugrandtravel.com/blog/christmas-fair-in-cusco/,https://www.perugrandtravel.com/blog/cusco/christmas-fair-in-cusco/,christmas-fair-in-cusco,Cusco,URL indexada (GSC),cusco,Christmas,"Christmas in Cusco, Santurantikuy Fair",1,258,0.00387596899224806,13.67,81,1083,2023-07-18,2025-11-07,publish
Physical Preparation for the Salkantay Trek,https://www.perugrandtravel.com/blog/physical-preparation-for-the-salkantay-trek/,https://www.perugrandtravel.com/blog/cusco/physical-preparation-for-the-salkantay-trek/,physical-preparation-for-the-salkantay-trek,Cusco,URL indexada (GSC),cusco,Salkantay,,1,249,0.00401606425702811,32.04,69,1266,2023-08-02,2024-09-28,publish
"The best beaches in Peru to enjoy sun, sand and sea",https://www.perugrandtravel.com/blog/best-beaches-in-peru/,https://www.perugrandtravel.com/blog/paracas/best-beaches-in-peru/,best-beaches-in-peru,Paracas,URL indexada (GSC),"lima, paracas",best beaches in peru,,1,4548,0.000219876868953386,63.08,68,1571,2023-08-07,2024-09-30,publish
Tips for Buying Tickets to Machu Picchu 2025,https://www.perugrandtravel.com/blog/tickets-to-machu-picchu/,https://www.perugrandtravel.com/blog/cusco/tickets-to-machu-picchu/,tickets-to-machu-picchu,Cusco,URL indexada (GSC),cusco,Tickets to Machu Picchu,,1,8488,0.000117813383600377,58.9,77,2137,2023-06-02,2025-10-20,publish
"Things to do in Huaraz, the best attractions to see and visit",https://www.perugrandtravel.com/blog/things-to-do-in-huaraz/,https://www.perugrandtravel.com/blog/huaraz/things-to-do-in-huaraz/,things-to-do-in-huaraz,Huaraz,URL indexada (GSC),huaraz,Things to do in huaraz,,1,1398,0.000715307582260372,17.66,78,1034,2023-09-21,2024-09-30,publish
Trekking in Peru: The Best Hiking Routes,https://www.perugrandtravel.com/blog/trekking-in-peru/,https://www.perugrandtravel.com/blog/cusco/trekking-in-peru/,trekking-in-peru,Cusco,URL indexada (GSC),"arequipa, cusco",Trekking in Peru,Peru best trekking routes,1,4854,0.000206015657189946,71.95,74,1741,2023-10-20,2025-10-13,publish
Arequipa Food & Cuisine: The 5 Best Dishes to Try,https://www.perugrandtravel.com/blog/arequipa-food-cuisine/,https://www.perugrandtravel.com/blog/arequipa/arequipa-food-cuisine/,arequipa-food-cuisine,Arequipa,URL indexada (GSC),arequipa,arequipa food,,1,711,0.00140646976090014,34.5,66,819,2023-11-28,2024-12-10,publish
Top 5 reasons you need to visit Machu Picchu,https://www.perugrandtravel.com/blog/reasons-to-visit-machu-picchu/,https://www.perugrandtravel.com/blog/cusco/reasons-to-visit-machu-picchu/,reasons-to-visit-machu-picchu,Cusco,URL indexada (GSC),cusco,machu picchu,,1,215,0.00465116279069767,48.99,73,374,2023-12-07,2024-09-28,publish
The Best Restaurants in Cusco: Discover Where to Eat!,https://www.perugrandtravel.com/blog/restaurants-in-cusco/,https://www.perugrandtravel.com/blog/cusco/restaurants-in-cusco/,restaurants-in-cusco,Cusco,URL indexada (GSC),cusco,best restaurants in cusco,,1,1576,0.000634517766497462,71.02,70,1071,2023-12-27,2024-09-30,publish
Explore the Ruins of the Sacred Valley: Archaeological Route,https://www.perugrandtravel.com/blog/sacred-valley-ruins/,https://www.perugrandtravel.com/blog/cusco/sacred-valley-ruins/,sacred-valley-ruins,Cusco,URL indexada (GSC),cusco,sacred valley,ruins,1,2181,0.000458505272810637,52.05,80,725,2024-03-08,2024-09-30,publish
Tourist attractions of the Peruvian jungle,https://www.perugrandtravel.com/blog/tourist-attractions-peruvian-jungle/,https://www.perugrandtravel.com/blog/amazonia/tourist-attractions-peruvian-jungle/,tourist-attractions-peruvian-jungle,Amazonia,URL indexada (GSC),amazonia,Peruvian Jungle,,1,1651,0.000605693519079346,29.04,63,2240,2024-04-16,2024-09-30,publish
Discover the Best Ways to Get to Machu Picchu from Cusco,https://www.perugrandtravel.com/blog/discover-the-best-ways-to-get-to-machu-picchu-from-cusco/,https://www.perugrandtravel.com/blog/cusco/discover-the-best-ways-to-get-to-machu-picchu-from-cusco/,discover-the-best-ways-to-get-to-machu-picchu-from-cusco,Cusco,URL indexada (GSC),cusco,how to get to machu picchu from cusco,how to go from cusco to machu picchu,1,1880,0.000531914893617021,67.16,20,1301,2024-07-23,2024-07-24,publish
Tips for Traveling to Lima like an Expert,https://www.perugrandtravel.com/blog/tips-for-traveling-to-lima/,https://www.perugrandtravel.com/blog/lima/tips-for-traveling-to-lima/,tips-for-traveling-to-lima,Lima,URL indexada (GSC),lima,Tips for Traveling to Lima,,1,1486,0.000672947510094213,55.98,70,1762,2024-05-03,2024-09-30,publish
Useful recommendations for travel to Cusco,https://www.perugrandtravel.com/blog/recommendations-for-traveling-to-cusco/,https://www.perugrandtravel.com/blog/cusco/recommendations-for-traveling-to-cusco/,recommendations-for-traveling-to-cusco,Cusco,URL indexada (GSC),cusco,recommendations,"travel, Cusco",1,626,0.00159744408945687,53.31,72,1212,2024-05-09,2024-09-28,publish
"New Circuits to Machu Picchu: Starting June 1, 2024, 5600 visitors per day will be welcomed",https://www.perugrandtravel.com/blog/new-circuits-in-machu-picchu/,https://www.perugrandtravel.com/blog/cusco/new-circuits-in-machu-picchu/,new-circuits-in-machu-picchu,Cusco,URL indexada (GSC),cusco,New circuits in Machu Picchu,,1,1335,0.000749063670411985,14.13,33,3084,2024-05-22,2024-09-28,publish
Discover the Culture of Cusco: An Unforgettable Journey to the Heart of the Inca Empire,https://www.perugrandtravel.com/blog/discover-the-culture-of-cusco/,https://www.perugrandtravel.com/blog/cusco/discover-the-culture-of-cusco/,discover-the-culture-of-cusco,Cusco,URL indexada (GSC),cusco,Cusco in Couples,,1,172,0.00581395348837209,21.52,20,1468,2024-09-18,2024-09-20,publish
Discover the Best Places to Visit in Cusco: The Jewel of the Andes,https://www.perugrandtravel.com/blog/best-places-to-visit-cusco/,https://www.perugrandtravel.com/blog/cusco/best-places-to-visit-cusco/,best-places-to-visit-cusco,Cusco,URL indexada (GSC),cusco,places to visit in cusco,,1,1676,0.000596658711217184,48.28,70,1734,2024-10-03,2024-10-04,publish
Discover the Top 3 Hikes in Cusco: Mountain trekking adventures,https://www.perugrandtravel.com/blog/the-top-3-hikes-in-cusco/,https://www.perugrandtravel.com/blog/cusco/the-top-3-hikes-in-cusco/,the-top-3-hikes-in-cusco,Cusco,URL indexada (GSC),cusco,Hikes in Cusco,,1,2254,0.000443655723158829,45.08,77,1303,2024-11-26,2024-12-27,publish
Discover Ceviche and Peru in 10 Days: ¡Savor the Journey of a Lifetime!,https://www.perugrandtravel.com/blog/ceviche-peru-in-10-days/,https://www.perugrandtravel.com/blog/peru/ceviche-peru-in-10-days/,ceviche-peru-in-10-days,Perú,URL indexada (GSC),"cusco, lima, peru, puno",Ceviche Peru,,1,985,0.00101522842639594,8,72,1104,2024-11-27,2024-11-29,publish
10 Amazing Places to Visit in Peru: A Perfect 15-Day Itinerary,https://www.perugrandtravel.com/blog/10-amazing-places-to-visit-in-peru/,https://www.perugrandtravel.com/blog/puno/10-amazing-places-to-visit-in-peru/,10-amazing-places-to-visit-in-peru,Puno,URL indexada (GSC),"cusco, puno",Inca Route,,1,766,0.00130548302872063,57.86,60,1402,2024-11-28,2025-12-17,publish
Best Things to Do in Cusco: Explore the Charm of the Inca Capital,https://www.perugrandtravel.com/blog/best-things-to-do-in-cusco/,https://www.perugrandtravel.com/blog/cusco/best-things-to-do-in-cusco/,best-things-to-do-in-cusco,Cusco,URL indexada (GSC),cusco,best things to do in cusco,,1,1205,0.000829875518672199,68.88,90,1213,2025-02-22,2025-05-30,publish
Is it Safe to Go to Peru?: Complete Guide for a Peaceful Trip,https://www.perugrandtravel.com/blog/is-it-safe-to-go-to-peru/,https://www.perugrandtravel.com/blog/peru/is-it-safe-to-go-to-peru/,is-it-safe-to-go-to-peru,Perú,URL indexada (GSC),peru,is it safe to go to peru,,1,9102,0.0001098659635245,40.56,84,1135,2025-02-28,2025-05-30,publish
Huayna Picchu: The Magical Mountain of the Incas,https://www.perugrandtravel.com/blog/huayna-picchu/,https://www.perugrandtravel.com/blog/cusco/huayna-picchu/,huayna-picchu,Cusco,URL indexada (GSC),cusco,huayna picchu,,1,2854,0.000350385423966363,49.43,89,1002,2025-05-09,2025-05-30,publish
"What to visit in Cusco in 2 Days: Quick, Complete Guide",https://www.perugrandtravel.com/blog/what-to-visit-in-cusco/,https://www.perugrandtravel.com/blog/cusco/what-to-visit-in-cusco/,what-to-visit-in-cusco,Cusco,URL indexada (GSC),cusco,what to visit in Cusco,,1,117,0.00854700854700855,17.79,84,1198,2025-07-19,2025-07-19,publish
Discover Peru’s Best Luxury Travel Experiences,https://www.perugrandtravel.com/blog/luxury-travel-experiences/,https://www.perugrandtravel.com/blog/luxury/luxury-travel-experiences/,luxury-travel-experiences,Luxury,URL indexada (GSC),luxury,luxury travel experiences,,1,263,0.00380228136882129,47.83,84,1267,2025-09-09,2025-09-09,publish
"Valentine’s Day Travel Ideas: Romantic Getaways, Experiences, and Easy Itineraries",https://www.perugrandtravel.com/blog/valentines-day-travel-ideas/,https://www.perugrandtravel.com/blog/peru/valentines-day-travel-ideas/,valentines-day-travel-ideas,Perú,URL indexada (GSC),peru,Valentine’s Day Travel Ideas,"valentine, Valentine’s trips",1,877,0.00114025085518814,9.72,83,3083,2026-01-05,2026-01-05,publish
The Temple of The Merced in Puno: Discover the Colonial Jewel of the Altiplano,https://www.perugrandtravel.com/blog/temple-of-the-merced-in-puno/,https://www.perugrandtravel.com/blog/puno/temple-of-the-merced-in-puno/,temple-of-the-merced-in-puno,Puno,URL indexada (GSC),puno,Temple of The Merced in Puno,,1,513,0.00194931773879142,8.51,88,1663,2026-01-27,2026-01-26,publish
"Luxury Hotels in Cusco, Peru: Where Elevated Travel Meets Andean Legacy",https://www.perugrandtravel.com/blog/luxury-hotels-in-cusco/,https://www.perugrandtravel.com/blog/cusco/luxury-hotels-in-cusco/,luxury-hotels-in-cusco,Cusco,URL indexada (GSC),cusco,Luxury Hotels in Cusco,"Luxury in Cusco, Luxury boutique hotels, Luxury",1,2705,0.000369685767097967,27.67,76,3286,2026-02-17,2026-02-17,publish
7 Magical Experiences for a Travel for Day Mom to Peru: The Ultimate Luxury Tribute,https://www.perugrandtravel.com/blog/travel-for-day-mom-to-peru/,https://www.perugrandtravel.com/blog/peru/travel-for-day-mom-to-peru/,travel-for-day-mom-to-peru,Perú,URL indexada (GSC),peru,Travel for Day Mom to Peru,,1,208,0.00480769230769231,13.4,88,1741,2026-02-20,2026-02-18,publish
10 Magical Family Packages to Lima: The Ultimate Guide to Peru’s Coastal Gem,https://www.perugrandtravel.com/blog/family-packages-to-lima/,https://www.perugrandtravel.com/blog/lima/family-packages-to-lima/,family-packages-to-lima,Lima,URL indexada (GSC),lima,Family Packages to Lima,,1,605,0.00165289256198347,10.91,91,1751,2026-02-23,2026-02-23,publish
Museums in Machu Picchu: A Guide to the Hidden History of the Inca Citadel 2026,https://www.perugrandtravel.com/blog/museums-in-machu-picchu/,https://www.perugrandtravel.com/blog/cusco/museums-in-machu-picchu/,museums-in-machu-picchu,Cusco,URL indexada (GSC),cusco,Museums in Machu Picchu,,1,2494,0.000400962309542903,6.28,90,1610,2026-02-24,2026-02-25,publish
"Trips Adventure for Holy Week in Peru 2026: Treks, Nature &amp; Spirit",https://www.perugrandtravel.com/blog/trips-adventure-for-holy-week/,https://www.perugrandtravel.com/blog/peru/trips-adventure-for-holy-week/,trips-adventure-for-holy-week,Perú,URL indexada (GSC),peru,Trips Adventure for Holy Week,,1,217,0.00460829493087558,7,88,1920,2026-02-27,2026-02-26,publish
Things to Do in Machu Picchu 2026: All The Experiences You Should Know About,https://www.perugrandtravel.com/blog/things-to-do-in-machu-picchu/,https://www.perugrandtravel.com/blog/cusco/things-to-do-in-machu-picchu/,things-to-do-in-machu-picchu,Cusco,URL indexada (GSC),cusco,Things to Do in Machu Picchu,,1,6115,0.000163532297628782,5.78,87,2002,2026-02-26,2026-02-26,publish
Peru Tours: The Ultimate Guide with 15 Luxury Experiences to Transform Your Journey in 2026,https://www.perugrandtravel.com/blog/peru-tours/,https://www.perugrandtravel.com/blog/peru/peru-tours/,peru-tours,Perú,URL indexada (GSC),peru,Peru Tours,,1,738,0.0013550135501355,58.25,90,2693,2026-03-11,2026-03-11,publish
ATV Tours in Cusco 2026: The Art of Combining Adrenaline and Sacred Landscapes,https://www.perugrandtravel.com/blog/atv-tours-in-cusco/,https://www.perugrandtravel.com/blog/cusco/atv-tours-in-cusco/,atv-tours-in-cusco,Cusco,URL indexada (GSC),cusco,ATV Tours in Cusco,,1,159,0.00628930817610063,12.54,87,3216,2026-03-25,2026-04-14,publish
"The Best Time of Year to Visit Peru: A Strategic Guide to Seasons, Culture, and Experience",https://www.perugrandtravel.com/blog/the-best-time-of-year-to-visit-peru/,https://www.perugrandtravel.com/blog/peru/the-best-time-of-year-to-visit-peru/,the-best-time-of-year-to-visit-peru,Perú,URL indexada (GSC),peru,The Best Time of Year to Visit Peru,"the best time to visit Peru, the best time to visit Machu Picchu, the best time to visit, The Best Time",1,828,0.00120772946859903,23.32,81,4879,2026-03-27,2026-03-27,publish
10 Incredible Discoveries About Things to Do in Ollantaytambo: The Ultimate Guide to the Living Inca City,https://www.perugrandtravel.com/blog/things-to-do-in-ollantaytambo/,https://www.perugrandtravel.com/blog/cusco/things-to-do-in-ollantaytambo/,things-to-do-in-ollantaytambo,Cusco,URL indexada (GSC),cusco,Things to Do in Ollantaytambo,,1,157,0.00636942675159236,27.15,90,2837,2026-04-08,2026-04-08,publish
Andean Art: 7 Dazzling Secrets of Peru's Cultural Soul,https://www.perugrandtravel.com/blog/andean-art/,https://www.perugrandtravel.com/blog/peru/andean-art/,andean-art,Perú,URL indexada (GSC),"cusco, peru",Andean Art,,1,515,0.00194174757281553,13.16,90,1906,2026-04-10,2026-04-11,publish
Vinicunca Elevation: 5 Secrets to Conquer the Rainbow Mountain Without Losing Your Breath,https://www.perugrandtravel.com/blog/vinicunca-elevation/,https://www.perugrandtravel.com/blog/cusco/vinicunca-elevation/,vinicunca-elevation,Cusco,URL indexada (GSC),cusco,Vinicunca Elevation,,1,198,0.00505050505050505,15.24,87,1378,2026-04-16,2026-04-15,publish
Inca Trail Sold Out? 5 Epic Alternatives When Permits Are Gone,https://www.perugrandtravel.com/blog/inca-trail-sold-out/,https://www.perugrandtravel.com/blog/cusco/inca-trail-sold-out/,inca-trail-sold-out,Cusco,URL indexada (GSC),cusco,Inca Trail Sold Out,,1,81,0.0123456790123457,15.77,89,1777,2026-04-23,2026-04-23,publish
7 Traditional Dances of Peru You Need to Experience in 2026: A Cultural Privilege,https://www.perugrandtravel.com/blog/traditional-dances-of-peru/,https://www.perugrandtravel.com/blog/peru/traditional-dances-of-peru/,traditional-dances-of-peru,Perú,URL indexada (GSC),peru,Traditional Dances of Peru,,1,1137,0.000879507475813545,18.56,86,2532,2026-04-27,2026-04-27,publish
Peru in May 2026: 7 Secrets of the Andes' Golden Month,https://www.perugrandtravel.com/blog/peru-in-may/,https://www.perugrandtravel.com/blog/peru/peru-in-may/,peru-in-may,Perú,URL indexada (GSC),peru,Peru in May,,1,313,0.00319488817891374,11.21,87,1436,2026-04-28,2026-04-28,publish
10 Fascinating Museums in Lima: The Sophisticated Traveler’s Cultural Oasis,https://www.perugrandtravel.com/blog/best-museums-in-lima/,https://www.perugrandtravel.com/blog/lima/best-museums-in-lima/,best-museums-in-lima,Lima,URL indexada (GSC),lima,Museums in Lima,,1,238,0.00420168067226891,30.56,90,2368,2026-04-30,2026-04-30,publish
7 Breathtaking Secrets of the Terraces of Moray: The Incan Agricultural Masterpiece,https://www.perugrandtravel.com/blog/terraces-of-moray/,https://www.perugrandtravel.com/blog/cusco/terraces-of-moray/,terraces-of-moray,Cusco,URL indexada (GSC),cusco,Terraces of Moray,,1,64,0.015625,27.86,90,1714,2026-05-15,2026-05-15,publish
The Hidden Gems of the Sacred Valley,https://www.perugrandtravel.com/blog/hidden-gems-of-the-sacred-valley/,https://www.perugrandtravel.com/blog/cusco/hidden-gems-of-the-sacred-valley/,hidden-gems-of-the-sacred-valley,Cusco,URL indexada (GSC),cusco,hidden gems of the Sacred Valley,"sacred valley hidden gems, Sacred Valley ruins, Sacred Valley waterfalls, Secret places in the Sacred Valley",1,46,0.0217391304347826,14.8,88,2391,2026-06-07,2026-06-06,publish
The 15 Best Things to Do in the Sacred Valley,https://www.perugrandtravel.com/blog/things-to-do-in-the-sacred-valley/,https://www.perugrandtravel.com/blog/cusco/things-to-do-in-the-sacred-valley/,things-to-do-in-the-sacred-valley,Cusco,URL indexada (GSC),cusco,Best Things to Do In The Sacred Valley,"things to do in sacred valley peru, sacred valley peru, maras salt flats peru, cusco to ollantaytambo",1,251,0.00398406374501992,62.23,83,3330,2026-06-08,2026-06-13,publish
Cusco vs Sacred Valley: The Best Place to Acclimate in Peru,https://www.perugrandtravel.com/blog/cusco-vs-sacred-valley-altitude/,https://www.perugrandtravel.com/blog/cusco/cusco-vs-sacred-valley-altitude/,cusco-vs-sacred-valley-altitude,Cusco,URL indexada (GSC),cusco,Cusco vs Sacred Valley,"best place to acclimate in Peru, Cusco altitude sickness, high altitude travel Peru, altitude in Cusco",1,431,0.00232018561484919,28.59,87,2751,2026-06-13,2026-06-12,publish
Inca Trail vs Sacred Valley Treks: Which Peru Hike Is Right for You?,https://www.perugrandtravel.com/blog/inca-trail-vs-sacred-valley-treks/,https://www.perugrandtravel.com/blog/cusco/inca-trail-vs-sacred-valley-treks/,inca-trail-vs-sacred-valley-treks,Cusco,URL indexada (GSC),cusco,Inca Trail vs Sacred Valley Treks,"Inca Trail trek Peru, best trek in Peru, alternative Inca Trail., best trek to Machu Picchu",1,42,0.0238095238095238,26.57,84,2367,2026-06-14,2026-06-13,publish
Humantay Lake Hike: Everything You Need to Know About This Epic Day Hike for 2026,https://www.perugrandtravel.com/blog/humantay-lake-hike-2026/,https://www.perugrandtravel.com/blog/cusco/humantay-lake-hike-2026/,humantay-lake-hike-2026,Cusco,URL indexada (GSC),cusco,Humantay Lake hike,"Humantay Lake Peru, Humantay Lake tour, Humantay Lake from Cusco, Humantay lagoon Peru",1,18,0.0555555555555556,34.5,87,1852,2026-06-21,2026-06-21,publish
The most beautiful treks to Machu Picchu,https://www.perugrandtravel.com/blog/treks-to-machu-picchu/,https://www.perugrandtravel.com/blog/cusco/treks-to-machu-picchu/,treks-to-machu-picchu,Cusco,URL indexada (GSC),cusco,treks to Machu Picchu,,0,845,0,73.16,31,812,2023-05-11,2026-04-23,publish
Inca Trail vs. Salkantay: Which is the more spectacular trekking route?,https://www.perugrandtravel.com/blog/inca-trail-vs-salkantay/,https://www.perugrandtravel.com/blog/cusco/inca-trail-vs-salkantay/,inca-trail-vs-salkantay,Cusco,URL indexada (GSC),cusco,inca trail,,0,248,0,77.45,76,335,2023-05-30,2024-09-28,publish
Salkantay Mountain: Embark on an adventure in the Nevado de los Andes,https://www.perugrandtravel.com/blog/salkantay-mountain/,https://www.perugrandtravel.com/blog/cusco/salkantay-mountain/,salkantay-mountain,Cusco,URL indexada (GSC),cusco,salkantay mountain,,0,445,0,35.92,81,1232,2023-07-20,2024-09-30,publish
When is the best time to do the Salkantay Trek?,https://www.perugrandtravel.com/blog/when-is-the-best-time-to-do-the-salkantay-trek/,https://www.perugrandtravel.com/blog/cusco/when-is-the-best-time-to-do-the-salkantay-trek/,when-is-the-best-time-to-do-the-salkantay-trek,Cusco,URL indexada (GSC),cusco,Salkantay Trek,best time to do Salkantay Trek,0,1022,0,24,72,1150,2023-08-02,2024-09-28,publish
Luxury Travel Peru: Why the Best Luxury Holidays Peru Are All About The Experience,https://www.perugrandtravel.com/blog/luxury-travel-peru/,https://www.perugrandtravel.com/blog/peru/luxury-travel-peru/,luxury-travel-peru,Perú,URL indexada (GSC),peru,Luxury travel Peru,"Luxury trips to Peru, Luxury Peru tours, Peru luxury vacation packages, Luxury vacations Peru",0,578,0,50.82,78,1726,2026-07-03,2026-07-03,draft
Family Trip to Peru: Discover the Best Tourist Places,https://www.perugrandtravel.com/blog/family-trip-to-peru/,https://www.perugrandtravel.com/blog/cusco/family-trip-to-peru/,family-trip-to-peru,Cusco,URL indexada (GSC),"cusco, puno",trip to Peru,,0,434,0,67.64,65,1878,2023-08-16,2024-09-30,publish
Climate in Peru: Discover the Best Time to Travel,https://www.perugrandtravel.com/blog/climate-in-peru-best-time-to-travel/,https://www.perugrandtravel.com/blog/amazonia/climate-in-peru-best-time-to-travel/,climate-in-peru-best-time-to-travel,Amazonia,URL indexada (GSC),"amazonia, cusco, paracas",climate in Peru,,0,6674,0,49.39,70,2331,2023-08-22,2024-09-30,publish
Top 7 tourist attractions in Cusco not to be missed,https://www.perugrandtravel.com/blog/cusco-tourist-attractions/,https://www.perugrandtravel.com/blog/cusco/cusco-tourist-attractions/,cusco-tourist-attractions,Cusco,URL indexada (GSC),cusco,attractions,cusco,0,1365,0,64.26,76,1013,2023-10-10,2024-09-28,publish
What is the best time to travel to Peru - Machu Picchu?,https://www.perugrandtravel.com/blog/what-is-the-best-time-to-travel-to-peru-machu-picchu/,https://www.perugrandtravel.com/blog/cusco/what-is-the-best-time-to-travel-to-peru-machu-picchu/,what-is-the-best-time-to-travel-to-peru-machu-picchu,Cusco,URL indexada (GSC),cusco,best time to travel to peru,,0,10711,0,80.86,71,1226,2023-10-19,2024-09-28,publish
"Top 20 best things to do in Cusco, Peru",https://www.perugrandtravel.com/blog/things-to-do-in-cusco/,https://www.perugrandtravel.com/blog/cusco/things-to-do-in-cusco/,things-to-do-in-cusco,Cusco,URL indexada (GSC),cusco,things to do in Cusco,,0,186,0,54.56,80,1721,2023-10-23,2024-09-30,publish
10 tips for traveling to Peru and enjoying the perfect trip,https://www.perugrandtravel.com/blog/tips-for-traveling-to-peru/,https://www.perugrandtravel.com/blog/lima/tips-for-traveling-to-peru/,tips-for-traveling-to-peru,Lima,URL indexada (GSC),lima,tips for traveling to Peru,,0,509,0,69.45,69,1208,2023-12-05,2024-09-30,publish
7 Interesting Facts About Machu Picchu You Probably Didn't Know,https://www.perugrandtravel.com/blog/interesting-facts-about-machu-picchu/,https://www.perugrandtravel.com/blog/cusco/interesting-facts-about-machu-picchu/,interesting-facts-about-machu-picchu,Cusco,URL indexada (GSC),cusco,Facts About Machu Picchu,,0,1127,0,30.26,79,1300,2023-12-05,2026-02-23,publish
The best beaches in Lima: Summer 2024,https://www.perugrandtravel.com/blog/beaches-in-lima/,https://www.perugrandtravel.com/blog/lima/beaches-in-lima/,beaches-in-lima,Lima,URL indexada (GSC),lima,beaches,beaches in lima,0,3345,0,42.18,80,554,2024-03-12,2024-09-30,publish
Adventure in Ica: Buggy & Nazca Lines,https://www.perugrandtravel.com/blog/adventure-in-ica/,https://www.perugrandtravel.com/blog/ica/adventure-in-ica/,adventure-in-ica,Ica,Inferida (primera categoría),ica,ica,aventura in ica,,,,,84,1738,2024-03-20,2024-09-30,publish
Peru honeymoon: discover 5 routes to enjoy in a couple,https://www.perugrandtravel.com/blog/peru-honeymoon/,https://www.perugrandtravel.com/blog/lima/peru-honeymoon/,peru-honeymoon,Lima,URL indexada (GSC),"amazonia, cusco, lima, paracas",peru honeymoon,,0,1589,0,40.73,81,3066,2024-03-21,2024-09-30,publish
Tourist Attractions in Cusco You Shouldn't Miss,https://www.perugrandtravel.com/blog/cusco-tourist-places/,https://www.perugrandtravel.com/blog/cusco/cusco-tourist-places/,cusco-tourist-places,Cusco,URL indexada (GSC),cusco,Cusco,"Tourist, Places",0,1670,0,52.64,78,1514,2024-05-09,2024-09-30,publish
Travel Guide to Laguna Humantay: Discover a natural treasure in the peruvian andes,https://www.perugrandtravel.com/blog/travel-guide-laguna-humantay/,https://www.perugrandtravel.com/blog/cusco/travel-guide-laguna-humantay/,travel-guide-laguna-humantay,Cusco,URL indexada (GSC),cusco,travel guide to humantay lagoon,travel guide to get to humantay lagoon,0,406,0,23.29,15,1500,2024-07-24,2024-07-24,publish
Discover the natural wonders: Humantay Lagoon vs Rainbow Mountain,https://www.perugrandtravel.com/blog/humantay-lagoon-rainbow-mountain/,https://www.perugrandtravel.com/blog/cusco/humantay-lagoon-rainbow-mountain/,humantay-lagoon-rainbow-mountain,Cusco,URL indexada (GSC),cusco,Humantay Lagoon vs Rainbow Mountain,Humantay Lagoon or Rainbow Mountain,0,296,0,27.67,65,1400,2024-07-25,2024-07-25,publish
Nazca Lines Tours: Discover the Mysteries and Wonders,https://www.perugrandtravel.com/blog/nazca-lines-tours/,https://www.perugrandtravel.com/blog/nazca/nazca-lines-tours/,nazca-lines-tours,Nazca,URL indexada (GSC),nazca,nazca lines tours,,0,784,0,46.27,63,1338,2024-08-20,2024-12-10,publish
Discover Peruvian Pisco from Ica: The Spirit of an Ancestral Tradition,https://www.perugrandtravel.com/blog/peruvian-pisco-from-ica/,https://www.perugrandtravel.com/blog/ica/peruvian-pisco-from-ica/,peruvian-pisco-from-ica,Ica,Rank Math (categoría principal),ica,peruvian pisco,,,,,,74,1651,2024-08-21,2024-08-21,publish
"Family Tourism in Nazca, Paracas, and Ica: An Unforgettable Journey for All Ages",https://www.perugrandtravel.com/blog/family-tourism-in-nazca-paracas-ica/,https://www.perugrandtravel.com/blog/ica/family-tourism-in-nazca-paracas-ica/,family-tourism-in-nazca-paracas-ica,Ica,URL indexada (GSC),"ica, nazca, paracas",ica,"paracas, nazca",0,307,0,13.64,73,1483,2024-08-22,2024-08-21,publish
Family Packages to Cusco: The Perfect Adventure for Everyone,https://www.perugrandtravel.com/blog/family-packages-to-cusco/,https://www.perugrandtravel.com/blog/cusco/family-packages-to-cusco/,family-packages-to-cusco,Cusco,URL indexada (GSC),cusco,family packages to cusco,,0,211,0,26.82,70,2557,2024-08-28,2024-12-19,publish
Hidden Places in Cusco: Discover the secret spots of the inca capital,https://www.perugrandtravel.com/blog/hidden-places-in-cusco/,https://www.perugrandtravel.com/blog/cusco/hidden-places-in-cusco/,hidden-places-in-cusco,Cusco,Rank Math (categoría principal),cusco,hidden places in cusco,,,,,,73,1246,2024-08-30,2024-08-31,publish
BTC - Cusco Tourist Ticket: Everything You Need to Know,https://www.perugrandtravel.com/blog/cusco-tourist-ticket/,https://www.perugrandtravel.com/blog/cusco/cusco-tourist-ticket/,cusco-tourist-ticket,Cusco,URL indexada (GSC),cusco,Cusco Tourist Ticket,,0,189,0,25.82,83,1560,2024-09-05,2026-01-28,publish
Discover The best day tours in Cusco,https://www.perugrandtravel.com/blog/day-tours-in-cusco/,https://www.perugrandtravel.com/blog/cusco/day-tours-in-cusco/,day-tours-in-cusco,Cusco,URL indexada (GSC),cusco,day tours in Cusco,,0,962,0,59.61,81,1417,2024-09-27,2026-02-09,publish
Declaration of Cultural Heritage of the Nation for the Pilgrimage to the Sanctuary of the Lord of Pampacucho,https://www.perugrandtravel.com/blog/sanctuary-of-the-lord-of-pampacucho/,https://www.perugrandtravel.com/blog/cusco/sanctuary-of-the-lord-of-pampacucho/,sanctuary-of-the-lord-of-pampacucho,Cusco,URL indexada (GSC),cusco,Lord of Pampacucho,,0,950,0,14.53,74,1612,2024-09-10,2024-09-12,publish
2 Weeks in Peru: The Classic Itinerary for a Complete Experience,https://www.perugrandtravel.com/blog/2-weeks-in-peru/,https://www.perugrandtravel.com/blog/cusco/2-weeks-in-peru/,2-weeks-in-peru,Cusco,URL indexada (GSC),"cusco, ica, lima, puerto-maldonado",2 weeks in Peru,,0,4233,0,61.12,68,1514,2024-09-13,2024-09-13,publish
Museums in Cusco: The Complete Guide to Culture &amp; History  | 2026,https://www.perugrandtravel.com/blog/museums-in-cusco/,https://www.perugrandtravel.com/blog/cusco/museums-in-cusco/,museums-in-cusco,Cusco,URL indexada (GSC),cusco,Museums in Cusco,,0,1811,0,22.37,90,3348,2024-09-17,2026-05-23,publish
What to See in Peru in 7 Days: The perfect itinerary for your short vacation,https://www.perugrandtravel.com/blog/7-days-in-peru/,https://www.perugrandtravel.com/blog/cusco/7-days-in-peru/,7-days-in-peru,Cusco,URL indexada (GSC),"cusco, lima",7 days In peru,,0,978,0,66.23,67,1561,2024-09-20,2024-12-10,publish
Find out how to have the best 4 days in Cusco,https://www.perugrandtravel.com/blog/find-out-how-to-have-the-best-4-days-in-cusco/,https://www.perugrandtravel.com/blog/cusco/find-out-how-to-have-the-best-4-days-in-cusco/,find-out-how-to-have-the-best-4-days-in-cusco,Cusco,URL indexada (GSC),cusco,4 days in Cusco,,0,324,0,16.7,63,1443,2024-10-30,2024-12-16,publish
"Lima, Cusco, and Machu Picchu: Tour packages for a complete experience",https://www.perugrandtravel.com/blog/lima-cusco-and-machu-picchu/,https://www.perugrandtravel.com/blog/lima/lima-cusco-and-machu-picchu/,lima-cusco-and-machu-picchu,Lima,URL indexada (GSC),"cusco, lima",Lima Cusco and Machu Picchu,,0,805,0,71.21,77,1657,2024-11-07,2024-11-08,publish
Live the Adventure at Machu Picchu and Humantay Lake on a 6-Day Unforgettable Discovery,https://www.perugrandtravel.com/blog/adventure-at-machu-picchu-humantay-lake-on-a-6-day/,https://www.perugrandtravel.com/blog/cusco/adventure-at-machu-picchu-humantay-lake-on-a-6-day/,adventure-at-machu-picchu-humantay-lake-on-a-6-day,Cusco,URL indexada (GSC),cusco,Machu Picchu Humantay Lake,,0,149,0,37.87,71,2552,2024-11-08,2024-11-08,publish
Traveling with Family: Tour Packages for Enjoying Peru and Machu Picchu with Kids,https://www.perugrandtravel.com/blog/tourist-packages-to-enjoy-with-children-for-a-trip-to-peru-machu-picchu/,https://www.perugrandtravel.com/blog/peru/tourist-packages-to-enjoy-with-children-for-a-trip-to-peru-machu-picchu/,tourist-packages-to-enjoy-with-children-for-a-trip-to-peru-machu-picchu,Perú,URL indexada (GSC),"cusco, lima, peru",trip to peru machu picchu,,0,1246,0,65.28,61,1389,2024-11-09,2026-02-17,publish
What to Visit on the Inca Adventure Route: An 8-day journey through the andean highlands,https://www.perugrandtravel.com/blog/what-to-visit-on-the-inca-adventure-route-in-8-days/,https://www.perugrandtravel.com/blog/cusco/what-to-visit-on-the-inca-adventure-route-in-8-days/,what-to-visit-on-the-inca-adventure-route-in-8-days,Cusco,URL indexada (GSC),"cusco, puno",Inca Adventure,,0,213,0,18.09,77,2651,2024-11-12,2024-11-15,publish
Traveling to Machu Picchu with Tour Packages: Unique routes and experiences,https://www.perugrandtravel.com/blog/traveling-to-machu-picchu-with-tour-packages/,https://www.perugrandtravel.com/blog/cusco/traveling-to-machu-picchu-with-tour-packages/,traveling-to-machu-picchu-with-tour-packages,Cusco,Rank Math (categoría principal),"cusco, salkantay",Traveling to Machu Picchu,,,,,,70,2179,2024-11-16,2024-11-16,publish
What to visit in Peru one week itinerary,https://www.perugrandtravel.com/blog/visits-to-peru-one-week-itinerary/,https://www.perugrandtravel.com/blog/cusco/visits-to-peru-one-week-itinerary/,visits-to-peru-one-week-itinerary,Cusco,URL indexada (GSC),"cusco, lima",peru one week itinerary,,0,4637,0,59.93,84,2893,2025-01-30,2025-02-08,publish
Vacation to Machu Picchu: Discover the Best Here!,https://www.perugrandtravel.com/blog/vacation-to-machu-picchu/,https://www.perugrandtravel.com/blog/cusco/vacation-to-machu-picchu/,vacation-to-machu-picchu,Cusco,URL indexada (GSC),cusco,vacation to machu picchu,,0,192,0,52.34,86,923,2025-05-05,2025-05-30,publish
Where is Machu Picchu? Quick Guide to Its Location,https://www.perugrandtravel.com/blog/where-is-machu-picchu-guide/,https://www.perugrandtravel.com/blog/cusco/where-is-machu-picchu-guide/,where-is-machu-picchu-guide,Cusco,URL indexada (GSC),cusco,where is machu picchu,,0,3122,0,50.76,83,1271,2025-06-20,2025-06-20,publish
Luxury Peru Vacations: Top 3 Destinations to See,https://www.perugrandtravel.com/blog/luxury-peru-vacations/,https://www.perugrandtravel.com/blog/luxury/luxury-peru-vacations/,luxury-peru-vacations,Luxury,URL indexada (GSC),luxury,luxury peru vacations,,0,3811,0,58.4,84,937,2025-08-12,2025-08-12,publish
Places to visit in Cusco for your next trip,https://www.perugrandtravel.com/blog/places-to-visit-in-cusco/,https://www.perugrandtravel.com/blog/cusco/places-to-visit-in-cusco/,places-to-visit-in-cusco,Cusco,URL indexada (GSC),cusco,Places to visit in Cusco,,0,549,0,25.61,85,1943,2025-09-08,2026-05-18,publish
"Weather in Cusco: When to Visit, Temperatures, and Travel Tips",https://www.perugrandtravel.com/blog/weather-in-cusco/,https://www.perugrandtravel.com/blog/cusco/weather-in-cusco/,weather-in-cusco,Cusco,URL indexada (GSC),cusco,weather in Cusco,,0,623,0,20,83,1821,2025-10-16,2025-10-17,publish
How to Plan a Trip to Machu Picchu?,https://www.perugrandtravel.com/blog/plan-a-trip-to-machu-picchu/,https://www.perugrandtravel.com/blog/cusco/plan-a-trip-to-machu-picchu/,plan-a-trip-to-machu-picchu,Cusco,URL indexada (GSC),cusco,Plan a Trip to Machu Picchu,,0,733,0,20.56,87,3682,2025-11-27,2025-11-27,publish
Where to Buy Peruvian Pisco: A Local Guide,https://www.perugrandtravel.com/blog/where-to-buy-peruvian-pisco-2027/,https://www.perugrandtravel.com/blog/peru/where-to-buy-peruvian-pisco-2027/,where-to-buy-peruvian-pisco-2027,Perú,Rank Math (categoría principal),peru,Where to Buy Peruvian Pisco,,,,,,87,2706,2026-01-13,2026-08-18,publish
7 Mystical Secrets of the Church of Saint Anthony of Padua: A Puno Masterpiece,https://www.perugrandtravel.com/blog/church-of-saint-anthony-of-padua/,https://www.perugrandtravel.com/blog/puno/church-of-saint-anthony-of-padua/,church-of-saint-anthony-of-padua,Puno,URL indexada (GSC),puno,Church of Saint Anthony of Padua,,0,309,0,8.19,91,1520,2026-01-28,2026-01-27,publish
San Juan de Letrán Church in Puno: Local Faith and Cultural Identity,https://www.perugrandtravel.com/blog/san-juan-de-letran-church/,https://www.perugrandtravel.com/blog/puno/san-juan-de-letran-church/,san-juan-de-letran-church,Puno,URL indexada (GSC),puno,San Juan de Letrán Church,,0,1239,0,7.27,86,1824,2026-01-29,2026-01-29,publish
7 Extraordinary Reasons to Celebrate Craftsman's Day in Peru: A Masterclass in Living Heritage,https://www.perugrandtravel.com/blog/craftsmans-day/,https://www.perugrandtravel.com/blog/peru/craftsmans-day/,craftsmans-day,Perú,URL indexada (GSC),peru,Craftsman's Day,,0,371,0,11.15,91,1954,2026-02-04,2026-02-04,publish
Luxury Hotels in Peru: Where Elevated Travel Transforms the Way You Experience the Country,https://www.perugrandtravel.com/blog/luxury-hotels-in-peru/,https://www.perugrandtravel.com/blog/peru/luxury-hotels-in-peru/,luxury-hotels-in-peru,Perú,URL indexada (GSC),peru,Luxury Hotels in Peru,Luxury Hotels,0,984,0,28.56,85,2866,2026-02-19,2026-02-19,publish
Adventure Trip for Moms in Peru: A Step-by-Step Guide to Living a Meaningful Experience Together,https://www.perugrandtravel.com/blog/adventure-trip-for-moms/,https://www.perugrandtravel.com/blog/peru/adventure-trip-for-moms/,adventure-trip-for-moms,Perú,Rank Math (categoría principal),peru,Adventure Trip for Moms,"Trip for Mom, trip for a mom, Traveling with Mom, mom",,,,,84,2046,2026-02-27,2026-02-27,publish
Is There Snow in Peru? Does It Snow at Machu Picchu? All You Need to Know For Snow in the Andes in 2027,https://www.perugrandtravel.com/blog/is-there-snow-in-peru/,https://www.perugrandtravel.com/blog/peru/is-there-snow-in-peru/,is-there-snow-in-peru,Perú,Rank Math (categoría principal),peru,Is there snow in Peru,"Does it snow at Machu Picchu, Ausangate snow, tropical glaciers Peru, ski resorts in Peru",,,,,85,2229,2026-03-05,2026-08-17,publish
Lake Humantay Tour 2026: The Ultimate Guide to Cusco’s Turquoise Jewel,https://www.perugrandtravel.com/blog/lake-humantay/,https://www.perugrandtravel.com/blog/cusco/lake-humantay/,lake-humantay,Cusco,URL indexada (GSC),cusco,Lake Humantay,,0,232,0,9.5,91,1971,2026-03-06,2026-03-05,publish
7 Royal Secrets about Peru Lima Packages that will Transform Your Trip in 2026,https://www.perugrandtravel.com/blog/peru-lima-packages/,https://www.perugrandtravel.com/blog/peru/peru-lima-packages/,peru-lima-packages,Perú,Rank Math (categoría principal),peru,Peru Lima Packages,,,,,,88,2512,2026-03-16,2026-03-16,publish
Discover the Ayacucho Museum in Peru: A Cultural Journey Through History and Identity,https://www.perugrandtravel.com/blog/ayacucho-museum/,https://www.perugrandtravel.com/blog/peru/ayacucho-museum/,ayacucho-museum,Perú,Rank Math (categoría principal),peru,Ayacucho Museum,,,,,,72,3177,2026-03-23,2026-03-23,publish
Why Travel to Peru in 2026? 7 Irresistible Reasons,https://www.perugrandtravel.com/blog/why-travel-to-peru/,https://www.perugrandtravel.com/blog/peru/why-travel-to-peru/,why-travel-to-peru,Perú,URL indexada (GSC),peru,Why Travel to Peru,,0,336,0,8.24,87,2085,2026-03-24,2026-03-23,publish
Huayna Picchu vs. Machu Picchu Mountain: which one to choose and why it changes the way you see Machu Picchu,https://www.perugrandtravel.com/blog/huayna-picchu-vs-machu-picchu-mountain/,https://www.perugrandtravel.com/blog/cusco/huayna-picchu-vs-machu-picchu-mountain/,huayna-picchu-vs-machu-picchu-mountain,Cusco,URL indexada (GSC),cusco,Huayna Picchu vs. Machu Picchu Mountain,"circuit, climb",0,173,0,21.76,82,2502,2026-03-24,2026-03-24,publish
Maras and Moray 2026: The 7 Secrets of the White Salt and the Green Inca Circles,https://www.perugrandtravel.com/blog/maras-and-moray/,https://www.perugrandtravel.com/blog/cusco/maras-and-moray/,maras-and-moray,Cusco,Rank Math (categoría principal),cusco,Maras and Moray,,,,,,91,2230,2026-03-26,2026-03-26,publish
"Ausangate Snow: A Real Guide to Understanding, Trekking, and Experiencing Peru’s Most Sacred Mountain",https://www.perugrandtravel.com/blog/ausangate-snow/,https://www.perugrandtravel.com/blog/cusco/ausangate-snow/,ausangate-snow,Cusco,Rank Math (categoría principal),cusco,Ausangate Snow,ausangate,,,,,84,4069,2026-03-25,2026-03-26,publish
7 Mistakes to Avoid on a Trip to Machu Picchu: How to Ensure a Perfect Journey,https://www.perugrandtravel.com/blog/mistakes-to-avoid-on-a-trip-to-machu-picchu/,https://www.perugrandtravel.com/blog/cusco/mistakes-to-avoid-on-a-trip-to-machu-picchu/,mistakes-to-avoid-on-a-trip-to-machu-picchu,Cusco,Rank Math (categoría principal),cusco,Mistakes to Avoid on a Trip to Machu Picchu,,,,,,81,2232,2026-03-31,2026-04-14,publish
Hotel in Downtown Cusco: How to Choose the Right Stay in the Historic Heart of the Andes,https://www.perugrandtravel.com/blog/hotel-in-downtown-cusco/,https://www.perugrandtravel.com/blog/cusco/hotel-in-downtown-cusco/,hotel-in-downtown-cusco,Cusco,URL indexada (GSC),cusco,Hotel in Downtown Cusco,downtown Cusco,0,161,0,19.96,81,4110,2026-04-04,2026-04-14,publish
7 Travel Planning Tips for Machu Picchu 2026: The Ultimate Guide for a Flawless Adventure,https://www.perugrandtravel.com/blog/travel-planning-tips-for-machu-picchu/,https://www.perugrandtravel.com/blog/cusco/travel-planning-tips-for-machu-picchu/,travel-planning-tips-for-machu-picchu,Cusco,URL indexada (GSC),cusco,Travel Planning Tips for Machu Picchu,Travel Tips for Machu Picchu,0,160,0,11.62,84,1931,2026-04-06,2026-04-06,publish
7 Powerful Benefits of Llama Therapy: The Mystical Healing You Can Only Find in the Andes,https://www.perugrandtravel.com/blog/llama-therapy-in-peru/,https://www.perugrandtravel.com/blog/peru/llama-therapy-in-peru/,llama-therapy-in-peru,Perú,URL indexada (GSC),"cusco, peru",Llama Therapy,,0,264,0,12.03,90,2319,2026-04-07,2026-04-07,publish
What is the best Machu Picchu itinerary?,https://www.perugrandtravel.com/blog/machu-picchu-itinerary/,https://www.perugrandtravel.com/blog/cusco/machu-picchu-itinerary/,machu-picchu-itinerary,Cusco,Rank Math (categoría principal),cusco,Machu Picchu itinerary,,,,,,84,3362,2026-04-08,2026-04-14,publish
Food in Cusco: The Sophisticated Guide to the 15 Flavors of the Inca Empire,https://www.perugrandtravel.com/blog/food-in-cusco/,https://www.perugrandtravel.com/blog/cusco/food-in-cusco/,food-in-cusco,Cusco,URL indexada (GSC),cusco,food in cusco,,0,237,0,19.9,90,2702,2026-04-14,2026-04-13,publish
Discover Unique Local Experiences in the Sacred Valley,https://www.perugrandtravel.com/blog/local-experiences-in-the-sacred-valley/,https://www.perugrandtravel.com/blog/cusco/local-experiences-in-the-sacred-valley/,local-experiences-in-the-sacred-valley,Cusco,Rank Math (categoría principal),cusco,Local Experiences in the Sacred Valley,,,,,,82,5214,2026-04-23,2026-04-23,publish
Peru in June 2026: 7 Secrets for the Ultimate Winter Escape,https://www.perugrandtravel.com/blog/peru-in-june/,https://www.perugrandtravel.com/blog/peru/peru-in-june/,peru-in-june,Perú,URL indexada (GSC),peru,Peru in June,,0,350,0,10.53,90,1581,2026-04-24,2026-04-23,publish
ATV Tours Peru 2026: The Ultimate Guide to Off-Roading the Andes and the Pacific Coast,https://www.perugrandtravel.com/blog/atv-tours-peru/,https://www.perugrandtravel.com/blog/peru/atv-tours-peru/,atv-tours-peru,Perú,URL indexada (GSC),peru,ATV Tours Peru,,0,266,0,10.8,87,3105,2026-04-25,2026-04-25,publish
Is Peru Safe? 10 Essential Truths for an Unforgettable and Secure 2026 Journey,https://www.perugrandtravel.com/blog/is-peru-safe/,https://www.perugrandtravel.com/blog/peru/is-peru-safe/,is-peru-safe,Perú,Rank Math (categoría principal),peru,Is Peru Safe,,,,,,90,2766,2026-05-07,2026-05-07,publish
"7 Mystical Experiences on the Day of the Pachamama: Rituals, Magic, and Connection in the Peruvian Andes",https://www.perugrandtravel.com/blog/day-of-the-pachamama/,https://www.perugrandtravel.com/blog/peru/day-of-the-pachamama/,day-of-the-pachamama,Perú,Rank Math (categoría principal),peru,Day of the Pachamama,,,,,,88,1807,2026-05-08,2026-05-07,publish
7 Soulful Secrets Behind the Sacred Art of the Chinchero Communities,https://www.perugrandtravel.com/blog/art-of-the-chinchero-communities/,https://www.perugrandtravel.com/blog/cusco/art-of-the-chinchero-communities/,art-of-the-chinchero-communities,Cusco,Rank Math (categoría principal),cusco,art of the Chinchero communities,,,,,,90,1595,2026-05-11,2026-05-11,publish
7 Fascinating Secrets of Alpaca Wool Processing in the High Andes,https://www.perugrandtravel.com/blog/alpaca-wool-processing/,https://www.perugrandtravel.com/blog/cusco/alpaca-wool-processing/,alpaca-wool-processing,Cusco,Rank Math (categoría principal),cusco,alpaca wool processing,,,,,,89,1368,2026-05-13,2026-05-13,publish
5 Secrets of the Q'eswachaka Bridge: Crossing the Last Inca Bridge,https://www.perugrandtravel.com/blog/qeswachaka-bridge/,https://www.perugrandtravel.com/blog/cusco/qeswachaka-bridge/,qeswachaka-bridge,Cusco,Rank Math (categoría principal),cusco,Q'eswachaka bridge,,,,,,89,1768,2026-05-18,2026-05-18,publish
7 Forgotten Wonders of the Inca Quarries of Cachiccata: The Ultimate Luxury Trekking Guide,https://www.perugrandtravel.com/blog/inca-quarries-of-cachiccata/,https://www.perugrandtravel.com/blog/cusco/inca-quarries-of-cachiccata/,inca-quarries-of-cachiccata,Cusco,Rank Math (categoría principal),cusco,Cachiccata,,,,,,87,1905,2026-05-19,2026-05-19,publish
Why Visit The Peruvian Amazon?,https://www.perugrandtravel.com/blog/peruvian-amazon/,https://www.perugrandtravel.com/blog/amazonia/peruvian-amazon/,peruvian-amazon,Amazonia,Rank Math (categoría principal),amazonia,peruvian amazon,,,,,,81,2899,2026-05-22,2026-06-03,publish
Cusco Hidden Gems to Visit in 2026,https://www.perugrandtravel.com/blog/cusco-hidden-gems-2026/,https://www.perugrandtravel.com/blog/cusco/cusco-hidden-gems-2026/,cusco-hidden-gems-2026,Cusco,Rank Math (categoría principal),cusco,Cusco hidden gems,"what to do in Cusco Peru, San Pedro Market Cusco, cusco travel guide",,,,,83,1780,2026-06-04,2026-07-01,publish
Our Ultimate Cusco Travel Guide,https://www.perugrandtravel.com/blog/the-ultimate-guide-to-cusco/,https://www.perugrandtravel.com/blog/cusco/the-ultimate-guide-to-cusco/,the-ultimate-guide-to-cusco,Cusco,Rank Math (categoría principal),cusco,Ultimate Guide to Cusco,"Cusco Travel guide, Cusco Peru itinerary, Best time to visit Cusco, altitude sickness in Cusco",,,,,87,3038,2026-06-04,2026-06-06,publish
7 Secrets of Corpus Christi in Cusco: The Ultimate Andean Celebration,https://www.perugrandtravel.com/blog/corpus-christi/,https://www.perugrandtravel.com/blog/cusco/corpus-christi/,corpus-christi,Cusco,Rank Math (categoría principal),cusco,Corpus Christi,,,,,,90,2215,2026-05-28,2026-06-22,publish
The Best Day Hikes from Cusco,https://www.perugrandtravel.com/blog/the-best-day-hikes-from-cusco/,https://www.perugrandtravel.com/blog/cusco/the-best-day-hikes-from-cusco/,the-best-day-hikes-from-cusco,Cusco,Rank Math (categoría principal),cusco,best day hikes from Cusco,"Cusco one-day trekking tours, Cusco day hikes",,,,,83,1693,2026-06-05,2026-06-04,publish
Our Ultimate Guide to The Magical Sacred Valley Peru!,https://www.perugrandtravel.com/blog/guide-to-the-sacred-valley-peru/,https://www.perugrandtravel.com/blog/cusco/guide-to-the-sacred-valley-peru/,guide-to-the-sacred-valley-peru,Cusco,Rank Math (categoría principal),cusco,Sacred Valley Peru,"sacred valley cusco peru, Sacred Valley travel guide, Visit the Sacred Valley, best Sacred Valley tours",,,,,84,2206,2026-06-06,2026-06-06,publish
Our Ultimate Guide To The Best Restaurants In Sacred Valley,https://www.perugrandtravel.com/blog/the-best-restaurants-in-sacred-valley/,https://www.perugrandtravel.com/blog/cusco/the-best-restaurants-in-sacred-valley/,the-best-restaurants-in-sacred-valley,Cusco,Rank Math (categoría principal),cusco,The best restaurants in Sacred Valley,"Sacred Valley restaurants, where to eat in Sacred Valley Peru, fine dining Sacred Valley Peru, Best restaurants sacred valley pisac",,,,,81,2755,2026-06-18,2026-06-19,publish
Vinicunca Rainbow Mountain – What to Expect and Awesome Top Tips,https://www.perugrandtravel.com/blog/vinicunca-rainbow-mountain/,https://www.perugrandtravel.com/blog/cusco/vinicunca-rainbow-mountain/,vinicunca-rainbow-mountain,Cusco,Rank Math (categoría principal),cusco,Vinicunca Rainbow Mountain,"Rainbow Mountain Cusco, Rainbow Mountain Peru, rainbow mountain hike, raibow mountain tour",,,,,86,2361,2026-06-16,2026-06-16,publish
Palcoyo Rainbow Mountain: Our Ultimate Guide For 2026,https://www.perugrandtravel.com/blog/palcoyo-rainbow-mountain/,https://www.perugrandtravel.com/blog/cusco/palcoyo-rainbow-mountain/,palcoyo-rainbow-mountain,Cusco,Rank Math (categoría principal),cusco,Palcoyo Rainbow Mountain,"Palcoyo Mountain Peru, Palcoyo Rainbow Mountain Tour, Palcoyo vs Vinicunca, Palcoyo Rainbow Mountain tour from Cusco",,,,,86,2078,2026-06-20,2026-06-20,publish
Peru Travel Agency: How to Choose an Awesome  Agency For Your Trip,https://www.perugrandtravel.com/blog/choosing-a-peru-travel-agency/,https://www.perugrandtravel.com/blog/peru/choosing-a-peru-travel-agency/,choosing-a-peru-travel-agency,Perú,Rank Math (categoría principal),peru,Peru TRavel Agency,"Peru tour company, Peru Customized Tours, Peru Adventure tours, Local Peru travel agency",,,,,88,2135,2026-06-28,2026-06-28,publish
Our Best Peru Travel Packages for 2026 and Beyond!,https://www.perugrandtravel.com/blog/peru-travel-packages-for-2026/,https://www.perugrandtravel.com/blog/peru/peru-travel-packages-for-2026/,peru-travel-packages-for-2026,Perú,Rank Math (categoría principal),peru,Peru Travel Packages,"Peru Travel itineraries, Peru Holiday Packages, Tailor-made Peru tours, Custom Peru travel packages",,,,,88,2267,2026-06-29,2026-06-28,publish
Mega Machu Picchu Travel Packages for 2026 and Beyond,https://www.perugrandtravel.com/blog/machu-picchu-travel-packages/,https://www.perugrandtravel.com/blog/cusco/machu-picchu-travel-packages/,machu-picchu-travel-packages,Cusco,Rank Math (categoría principal),"cusco, peru",Machu Picchu Travel Packages,"Best Machu Picchu tour packages, Private Machu Picchu tours, Custom Machu Picchu tours, Luxury Machu Picchu tours",,,,,90,2215,2026-07-01,2026-07-01,publish
